Customer ID,Gender,Age,Married,Number of Dependents,City,Zip Code,Latitude,Longitude,Number of Referrals,Tenure in Months,Offer,Phone Service,Avg Monthly Long Distance Charges,Multiple Lines,Internet Service,Internet Type,Avg Monthly GB Download,Online Security,Online Backup,Device Protection Plan,Premium Tech Support,Streaming TV,Streaming Movies,Streaming Music,Unlimited Data,Contract,Paperless Billing,Payment Method,Monthly Charge,Total Charges,Total Refunds,Total Extra Data Charges,Total Long Distance Charges,Total Revenue,Customer Status,Churn Category,Churn Reason
0021-IKXGC,Female,72,No,0,San Marcos,92078,33.119028,-117.166036,0,1,Offer E,Yes,7.77,Yes,Yes,Fiber Optic,22,No,No,No,No,No,No,No,Yes,One Year,Yes,Bank Withdrawal,72.1,72.1,0,0,7.77,79.87,Joined,Others,Others
0030-FNXPP,Female,22,No,0,Keeler,93530,36.560498,-117.962461,0,3,None,Yes,3.12,No,No,No,0,No,No,No,No,No,No,No,No,Month-to-Month,No,Credit Card,19.85,57.2,0,0,9.36,66.56,Joined,Others,Others
0082-LDZUE,Male,54,No,0,Calistoga,94515,38.629618,-122.593216,0,1,Offer E,Yes,42.95,No,Yes,DSL,9,No,No,No,No,No,No,No,Yes,Month-to-Month,Yes,Credit Card,44.3,44.3,0,0,42.95,87.25,Joined,Others,Others
0139-IVFJG,Female,19,Yes,0,Temecula,92592,33.507255,-117.029473,10,2,None,Yes,4.65,No,Yes,Fiber Optic,53,Yes,Yes,No,No,Yes,No,No,Yes,Month-to-Month,No,Bank Withdrawal,90.35,190.5,0,0,9.3,199.8,Joined,Others,Others
0178-CIIKR,Female,60,No,0,Crows Landing,95313,37.435664,-121.049056,0,3,None,Yes,2.69,No,No,No,0,No,No,No,No,No,No,No,No,Month-to-Month,No,Credit Card,19.95,58.0,0,0,8.07,66.07,Joined,Others,Others
0188-GWFLE,Male,33,No,0,Redwood City,94065,37.527497,-122.230941,0,2,None,Yes,1.81,No,No,No,0,No,No,No,No,No,No,No,No,Month-to-Month,No,Credit Card,20.05,33.7,0,0,3.62,37.32,Joined,Others,Others
0224-RLWWD,Female,73,No,0,Calexico,92231,32.690654,-115.431225,0,2,Offer E,Yes,23.91,No,Yes,Cable,22,No,No,No,No,No,No,No,Yes,One Year,Yes,Bank Withdrawal,44.3,89.3,0,0,47.82,137.12,Joined,Others,Others
0225-ZORZP,Male,46,No,0,Groveland,95321,37.902968,-119.667544,0,3,Offer E,Yes,13.72,No,Yes,Fiber Optic,26,No,Yes,No,No,No,Yes,Yes,Yes,Month-to-Month,No,Bank Withdrawal,84.3,235.05,0,0,41.16,276.21,Joined,Others,Others
0247-SLUJI,Male,37,Yes,3,Duarte,91010,34.145695,-117.95982,2,1,None,Yes,34.28,No,No,No,0,No,No,No,No,No,No,No,No,Month-to-Month,No,Credit Card,19.7,19.7,0,0,34.28,53.98,Joined,Others,Others
0248-IPDFW,Female,19,No,0,Lake Elsinore,92530,33.655421,-117.391751,0,1,None,Yes,29.13,Yes,Yes,Cable,51,No,No,No,No,No,No,No,Yes,Month-to-Month,Yes,Bank Withdrawal,50.1,50.1,0,0,29.13,79.23,Joined,Others,Others
0258-NOKBL,Male,22,No,0,Fortuna,95540,40.584991,-124.121504,0,3,None,Yes,31.48,No,Yes,Fiber Optic,73,No,Yes,Yes,No,No,Yes,Yes,Yes,Month-to-Month,No,Bank Withdrawal,90.4,268.45,0,0,94.44,362.89,Joined,Others,Others
0319-QZTCO,Female,25,Yes,2,Santa Rosa,95401,38.460517,-122.790335,9,3,Offer E,Yes,11.47,No,Yes,DSL,51,No,Yes,No,No,Yes,No,No,Yes,Month-to-Month,Yes,Credit Card,58.7,168.6,0,0,34.41,203.01,Joined,Others,Others
0323-XWWTN,Male,44,No,1,San Lucas,93954,36.125529,-120.864443,0,3,None,Yes,33.87,Yes,No,No,0,No,No,No,No,No,No,No,No,Two Year,Yes,Credit Card,26.4,121.25,0,0,101.61,222.86,Joined,Others,Others
0366-NQSHS,Male,42,No,0,Colusa,95932,39.273096,-122.050763,0,2,None,Yes,44.34,No,No,No,0,No,No,No,No,No,No,No,No,Month-to-Month,No,Credit Card,19.35,46.35,0,0,88.68,135.03,Joined,Others,Others
0374-AACSZ,Female,63,No,0,Lancaster,93534,34.727529,-118.153098,0,1,Offer E,Yes,38.33,No,Yes,DSL,24,Yes,No,No,No,No,No,No,No,Month-to-Month,No,Bank Withdrawal,50.15,50.15,0,50,38.33,138.48,Joined,Others,Others
0374-IOEGQ,Female,62,No,0,Gonzales,93926,36.52588,-121.396719,0,3,None,Yes,15.59,No,Yes,Cable,27,No,No,No,No,No,No,No,Yes,Month-to-Month,No,Bank Withdrawal,44.6,122.7,0,0,46.77,169.47,Joined,Others,Others
0396-HUJBP,Female,34,No,0,Gardena,90247,33.890853,-118.297967,0,2,None,Yes,49.91,No,No,No,0,No,No,No,No,No,No,No,No,Month-to-Month,No,Credit Card,19.3,44.4,0,0,99.82,144.22,Joined,Others,Others
0411-EZJZE,Female,62,No,0,Stockton,95215,37.946282,-121.139499,0,3,None,Yes,20.1,Yes,Yes,DSL,29,No,No,No,No,Yes,No,No,No,Month-to-Month,Yes,Bank Withdrawal,60.25,170.5,0,70,60.3,300.8,Joined,Others,Others
0432-CAJZV,Male,47,No,0,Temecula,92592,33.507255,-117.029473,0,3,None,Yes,5.39,No,Yes,Fiber Optic,10,No,No,No,No,Yes,Yes,Yes,Yes,Month-to-Month,No,Credit Card,90.7,237.65,0,0,16.17,253.82,Joined,Others,Others
0455-XFASS,Female,61,Yes,2,Campbell,95008,37.279689,-121.954567,3,3,None,Yes,1.67,No,Yes,Fiber Optic,19,No,No,No,No,No,No,No,Yes,Month-to-Month,Yes,Bank Withdrawal,69.55,200.2,33.8,0,5.01,171.41,Joined,Others,Others
0463-WZZKO,Male,23,No,0,Van Nuys,91406,34.195685,-118.490752,0,3,Offer E,Yes,16.39,No,No,No,0,No,No,No,No,No,No,No,No,Month-to-Month,Yes,Credit Card,20.75,67.1,0,0,49.17,116.27,Joined,Others,Others
0508-OOLTO,Female,33,Yes,1,Fort Irwin,92310,35.349241,-116.770281,5,2,None,Yes,29.03,No,Yes,Fiber Optic,10,No,No,No,No,No,No,No,Yes,Month-to-Month,Yes,Bank Withdrawal,71.65,135.75,0,0,58.06,193.81,Joined,Others,Others
0541-FITGH,Female,59,Yes,0,Hornitos,95325,37.479926,-120.230424,6,2,Offer E,Yes,48.39,No,Yes,Cable,24,Yes,No,No,No,No,Yes,Yes,Yes,Month-to-Month,Yes,Mailed Check,62.15,113.1,0,0,96.78,209.88,Joined,Others,Others
0623-GDISB,Female,63,No,0,San Clemente,92673,33.4725,-117.584273,0,1,None,Yes,16.42,No,Yes,Cable,21,Yes,No,No,No,No,No,No,Yes,Month-to-Month,Yes,Bank Withdrawal,48.45,48.45,0,0,16.42,64.87,Joined,Others,Others
0641-EVBOJ,Male,61,No,0,Coarsegold,93614,37.212191,-119.749323,0,3,None,Yes,44.97,No,Yes,Fiber Optic,16,Yes,No,No,Yes,No,No,No,No,Month-to-Month,Yes,Credit Card,82.3,214.4,0,20,134.91,369.31,Joined,Others,Others
0670-KDOMA,Female,42,No,0,Chowchilla,93610,37.100948,-120.270136,0,1,Offer E,Yes,28.18,No,No,No,0,No,No,No,No,No,No,No,No,Month-to-Month,Yes,Credit Card,20.25,20.25,0,0,28.18,48.43,Joined,Others,Others
0673-IGUQO,Male,26,No,0,Phelan,92371,34.441123,-117.537886,0,1,None,Yes,30.09,No,No,No,0,No,No,No,No,No,No,No,No,Month-to-Month,No,Credit Card,20.45,20.45,0,0,30.09,50.54,Joined,Others,Others
0674-EYYZV,Female,41,No,0,Los Angeles,90065,34.108833,-118.229715,0,1,None,Yes,36.33,No,Yes,DSL,4,No,No,No,No,Yes,No,No,Yes,Month-to-Month,Yes,Bank Withdrawal,54.65,54.65,0,0,36.33,90.98,Joined,Others,Others
0734-OXWBT,Male,44,No,1,Covina,91722,34.097345,-117.906736,0,3,Offer E,Yes,25.04,No,Yes,Cable,17,No,No,No,Yes,Yes,Yes,Yes,Yes,Month-to-Month,No,Credit Card,70.7,225.65,0,0,75.12,300.77,Joined,Others,Others
0816-TSPHQ,Male,35,No,0,Kettleman City,93239,35.996923,-120.000951,0,2,None,Yes,27.67,No,No,No,0,No,No,No,No,No,No,No,No,Month-to-Month,No,Credit Card,20.75,44.2,0,0,55.34,99.54,Joined,Others,Others
0817-HSUSE,Male,26,No,0,Altadena,91001,34.196837,-118.142236,0,1,None,Yes,5.63,No,Yes,Cable,52,No,No,Yes,Yes,Yes,Yes,Yes,Yes,Month-to-Month,Yes,Bank Withdrawal,75.5,75.5,0,0,5.63,81.13,Joined,Others,Others
0871-OPBXW,Female,57,No,0,Escondido,92027,33.141265,-116.967221,0,2,Offer E,Yes,6.85,No,No,No,0,No,No,No,No,No,No,No,No,Month-to-Month,Yes,Mailed Check,20.05,39.25,0,0,13.7,52.95,Joined,Others,Others
0927-CNGRH,Male,42,No,3,Alta,95701,39.218096,-120.79153,0,1,None,Yes,30.63,No,No,No,0,No,No,No,No,No,No,No,No,Month-to-Month,No,Credit Card,19.55,19.55,0,0,30.63,50.18,Joined,Others,Others
0929-HYQEW,Male,20,No,0,Oakland,94601,37.776523,-122.219268,0,3,None,Yes,17.42,No,Yes,DSL,59,Yes,No,No,No,No,No,No,Yes,Month-to-Month,Yes,Credit Card,50.15,160.85,0,0,52.26,213.11,Joined,Others,Others
0970-QXPXW,Female,28,No,0,Monrovia,91016,34.1528,-118.000482,0,1,None,Yes,42.42,No,No,No,0,No,No,No,No,No,No,No,No,Month-to-Month,No,Credit Card,19.65,19.65,0,0,42.42,62.07,Joined,Others,Others
0975-VOOVL,Female,34,No,0,Agoura Hills,91301,34.129058,-118.759788,0,3,None,No,0,No,Yes,DSL,22,No,Yes,No,No,No,No,No,Yes,Month-to-Month,No,Credit Card,29.2,98.5,0,0,0,98.5,Joined,Others,Others
0988-JRWWP,Female,50,No,0,Wilseyville,95257,38.392686,-120.415951,0,3,None,Yes,41.38,No,Yes,DSL,5,No,No,No,No,Yes,No,No,Yes,Month-to-Month,Yes,Bank Withdrawal,54.2,140.4,0,0,124.14,264.54,Joined,Others,Others
1015-OWJKI,Male,46,No,0,Lawndale,90260,33.88856,-118.351813,0,1,None,Yes,5.02,No,No,No,0,No,No,No,No,No,No,No,No,Month-to-Month,No,Credit Card,19.05,19.05,0,0,5.02,24.07,Joined,Others,Others
1051-GEJLJ,Female,19,No,0,San Gregorio,94074,37.331762,-122.341444,0,2,None,Yes,27.17,No,No,No,0,No,No,No,No,No,No,No,No,Month-to-Month,No,Mailed Check,19.5,27.55,0,0,54.34,81.89,Joined,Others,Others
1064-FBXNK,Male,55,Yes,1,Sacramento,95831,38.494832,-121.529447,5,1,None,Yes,47.46,No,No,No,0,No,No,No,No,No,No,No,No,One Year,No,Credit Card,19.85,19.85,0,0,47.46,67.31,Joined,Others,Others
1078-TDCRN,Female,75,Yes,0,Agoura Hills,91301,34.129058,-118.759788,7,3,None,No,0,No,Yes,DSL,3,No,Yes,No,No,No,No,No,Yes,Month-to-Month,Yes,Bank Withdrawal,30.75,82.85,0,0,0,82.85,Joined,Others,Others
1098-TDVUQ,Female,34,No,0,Spring Valley,91977,32.726627,-116.994608,0,1,Offer E,Yes,9.44,No,No,No,0,No,No,No,No,No,No,No,No,Month-to-Month,Yes,Bank Withdrawal,19.25,19.25,0,0,9.44,28.69,Joined,Others,Others
1099-GODLO,Female,62,Yes,3,Berkeley,94709,37.878554,-122.26609,9,1,None,Yes,30.09,No,No,No,0,No,No,No,No,No,No,No,No,Two Year,No,Credit Card,20.35,20.35,0,0,30.09,50.44,Joined,Others,Others
1135-LMECX,Female,47,No,0,Moreno Valley,92551,33.88274,-117.224878,0,1,None,Yes,16.47,No,No,No,0,No,No,No,No,No,No,No,No,Month-to-Month,No,Credit Card,19.85,19.85,0,0,16.47,36.32,Joined,Others,Others
1156-ZFYDO,Female,57,No,0,Glendale,91201,34.17051,-118.289463,0,1,None,Yes,37.62,No,No,No,0,No,No,No,No,No,No,No,No,Month-to-Month,No,Bank Withdrawal,19.75,19.75,0,0,37.62,57.37,Joined,Others,Others
1179-INLAT,Male,33,No,0,Santa Clara,95050,37.351214,-121.952417,0,3,None,Yes,2.78,No,No,No,0,No,No,No,No,No,No,No,No,One Year,Yes,Credit Card,19.45,69.25,0,0,8.34,77.59,Joined,Others,Others
1194-SPVSP,Male,20,No,0,Soquel,95073,37.023669,-121.946461,0,1,None,Yes,27.88,No,No,No,0,No,No,No,No,No,No,No,No,Month-to-Month,No,Bank Withdrawal,19.65,19.65,0,0,27.88,47.53,Joined,Others,Others
1212-GLHMD,Male,54,No,0,San Joaquin,93660,36.600193,-120.153393,0,3,Offer E,Yes,18.26,No,Yes,Fiber Optic,29,Yes,No,No,No,No,Yes,Yes,Yes,Month-to-Month,Yes,Credit Card,86.05,244.85,0,0,54.78,299.63,Joined,Others,Others
1230-QAJDW,Male,32,No,0,Somes Bar,95568,41.444606,-123.471895,0,3,None,Yes,42.68,Yes,Yes,Cable,27,No,No,No,Yes,Yes,No,No,Yes,Month-to-Month,Yes,Credit Card,65.25,209.9,0,0,128.04,337.94,Joined,Others,Others
1393-IMKZG,Female,50,No,0,Fullerton,92831,33.879983,-117.895482,0,1,None,Yes,2.7,No,Yes,Fiber Optic,14,No,No,No,Yes,Yes,Yes,Yes,Yes,Month-to-Month,Yes,Bank Withdrawal,95.85,95.85,0,0,2.7,98.55,Joined,Others,Others
1406-PUQVY,Male,29,No,1,Madison,95653,38.674276,-121.961866,0,1,Offer E,Yes,6.35,No,Yes,DSL,76,No,Yes,No,No,No,No,No,Yes,Month-to-Month,Yes,Bank Withdrawal,49.9,49.9,0,0,6.35,56.25,Joined,Others,Others
1407-DIGZV,Female,32,Yes,2,Redding,96003,40.677649,-122.29467,9,3,None,Yes,45.33,No,No,No,0,No,No,No,No,No,No,No,No,Two Year,No,Mailed Check,19.1,52.0,0,0,135.99,187.99,Joined,Others,Others
1423-BMPBQ,Female,62,Yes,1,Anaheim,92808,33.850452,-117.726668,1,1,Offer E,Yes,28.28,No,No,No,0,No,No,No,No,No,No,No,No,Month-to-Month,Yes,Credit Card,19.0,19.0,0,0,28.28,47.28,Joined,Others,Others
1452-VOQCH,Male,61,No,0,Hinkley,92347,34.983808,-117.239306,0,1,None,Yes,4.53,Yes,Yes,Fiber Optic,28,No,No,No,No,No,No,No,Yes,Month-to-Month,Yes,Bank Withdrawal,75.1,75.1,0,0,4.53,79.63,Joined,Others,Others
1453-RZFON,Female,39,No,3,Cantua Creek,93608,36.488056,-120.407691,0,1,Offer E,Yes,9,No,Yes,Cable,53,Yes,No,No,No,No,No,No,Yes,Month-to-Month,No,Credit Card,49.9,49.9,0,0,9,58.9,Joined,Others,Others
1465-WCZVT,Female,44,Yes,3,Badger,93603,36.64545,-118.924982,1,3,None,Yes,30.34,No,No,No,0,No,No,No,No,No,No,No,No,Month-to-Month,No,Credit Card,19.65,60.65,0,0,91.02,151.67,Joined,Others,Others
1471-GIQKQ,Female,37,No,0,Niland,92257,33.345825,-115.596574,0,1,None,Yes,44.98,No,Yes,DSL,27,No,Yes,No,No,No,No,No,Yes,Month-to-Month,No,Bank Withdrawal,49.95,49.95,0,0,44.98,94.93,Joined,Others,Others
1478-VPOAD,Female,39,No,0,Calpine,96124,39.672813,-120.456699,0,1,Offer E,Yes,37.5,No,Yes,DSL,3,No,No,No,No,No,No,No,Yes,Month-to-Month,No,Bank Withdrawal,43.8,43.8,0,0,37.5,81.3,Joined,Others,Others
1536-HBSWP,Female,33,No,0,Terra Bella,93270,35.939068,-119.043666,0,1,None,Yes,14.93,No,Yes,DSL,4,No,No,No,Yes,No,No,No,Yes,Month-to-Month,Yes,Bank Withdrawal,49.9,49.9,0,0,14.93,64.83,Joined,Others,Others
1622-HSHSF,Female,44,No,0,Biggs,95917,39.457388,-121.818201,0,1,None,Yes,10.2,No,No,No,0,No,No,No,No,No,No,No,No,Month-to-Month,Yes,Credit Card,19.55,19.55,0,0,10.2,29.75,Joined,Others,Others
1628-BIZYP,Male,60,No,0,Brentwood,94513,37.908242,-121.682472,0,1,None,Yes,15.2,No,Yes,Fiber Optic,2,No,Yes,No,No,No,Yes,Yes,Yes,Month-to-Month,Yes,Bank Withdrawal,85.0,85.0,0,0,15.2,100.2,Joined,Others,Others
1640-PLFMP,Female,20,No,0,Los Angeles,90026,34.078991,-118.263804,0,1,None,Yes,10.05,No,Yes,Fiber Optic,51,No,No,No,No,No,No,No,No,Month-to-Month,Yes,Bank Withdrawal,70.25,70.25,0,10,10.05,90.3,Joined,Others,Others
1663-MHLHE,Male,33,No,0,Duarte,91010,34.145695,-117.95982,0,1,None,Yes,35.88,No,No,No,0,No,No,No,No,No,No,No,No,Month-to-Month,No,Credit Card,19.2,19.2,0,0,35.88,55.08,Joined,Others,Others
1724-IQWNM,Male,37,No,1,Burbank,91504,34.213049,-118.317651,0,1,Offer E,Yes,8.66,No,No,No,0,No,No,No,No,No,No,No,No,Month-to-Month,Yes,Credit Card,19.3,19.3,0,0,8.66,27.96,Joined,Others,Others
1728-BQDMA,Female,22,No,0,Penryn,95663,38.859093,-121.182872,0,2,Offer E,Yes,18.7,No,Yes,DSL,59,No,No,No,No,No,No,No,Yes,Month-to-Month,No,Bank Withdrawal,44.45,82.7,0,0,37.4,120.1,Joined,Others,Others
1746-TGTWV,Male,32,Yes,0,Whittier,90604,33.929704,-118.01208,1,1,Offer E,Yes,38.89,No,Yes,Fiber Optic,9,No,No,Yes,No,No,No,No,Yes,Month-to-Month,No,Credit Card,75.35,75.35,0,0,38.89,114.24,Joined,Others,Others
1755-RMCXH,Male,37,Yes,2,San Dimas,91773,34.102119,-117.815532,5,2,Offer E,Yes,7.27,No,No,No,0,No,No,No,No,No,No,No,No,Month-to-Month,No,Credit Card,20.3,40.25,0,0,14.54,54.79,Joined,Others,Others
1763-WQFUK,Male,45,No,0,Riverside,92503,33.890046,-117.455583,0,3,None,Yes,26.38,No,Yes,DSL,25,No,No,No,Yes,No,No,No,Yes,Month-to-Month,Yes,Mailed Check,50.5,147.75,0,0,79.14,226.89,Joined,Others,Others
1777-JYQPJ,Male,19,No,0,Colfax,95713,39.084645,-120.894014,0,2,Offer E,No,0,No,Yes,DSL,59,No,No,No,No,No,No,No,Yes,Month-to-Month,No,Mailed Check,24.3,38.45,0,0,0,38.45,Joined,Others,Others
1791-PQHBB,Female,28,No,2,El Dorado,95623,38.63153,-120.842609,0,2,Offer E,Yes,32.06,No,Yes,Cable,52,Yes,No,No,No,No,Yes,Yes,Yes,Month-to-Month,Yes,Credit Card,61.2,125.95,0,0,64.12,190.07,Joined,Others,Others
1796-JANOW,Female,33,No,0,Fiddletown,95629,38.513484,-120.704613,0,2,Offer E,Yes,34.57,No,No,No,0,No,No,No,No,No,No,No,No,Month-to-Month,No,Credit Card,19.95,38.15,0,0,69.14,107.29,Joined,Others,Others
1816-FLZDK,Male,34,No,0,Fawnskin,92333,34.274846,-116.937581,0,1,None,No,0,No,Yes,DSL,22,No,No,No,Yes,No,No,No,Yes,Month-to-Month,No,Credit Card,29.15,29.15,0,0,0,29.15,Joined,Others,Others
1845-ZLLIG,Male,45,No,0,Woodbridge,95258,38.169605,-121.310964,0,1,Offer E,Yes,20.3,No,Yes,DSL,16,No,Yes,No,No,No,No,No,Yes,Month-to-Month,Yes,Credit Card,50.15,50.15,0,0,20.3,70.45,Joined,Others,Others
1866-OBPNR,Male,28,Yes,1,Sacramento,95833,38.619049,-121.517552,5,1,None,Yes,42.99,No,Yes,Fiber Optic,59,No,Yes,No,No,No,No,No,Yes,Month-to-Month,No,Credit Card,74.6,74.6,0,0,42.99,117.59,Joined,Others,Others
1895-QTKDO,Female,38,No,0,San Jacinto,92583,33.796568,-116.924723,0,1,None,Yes,45.59,No,Yes,DSL,5,No,No,No,No,No,No,No,Yes,Month-to-Month,No,Credit Card,43.95,43.95,0,0,45.59,89.54,Joined,Others,Others
1905-OEILC,Female,42,No,0,Pebble Beach,93953,36.587497,-121.944815,0,1,Offer E,Yes,20.11,No,No,No,0,No,No,No,No,No,No,No,No,Month-to-Month,No,Credit Card,19.5,19.5,0,0,20.11,39.61,Joined,Others,Others
1928-BXYIV,Male,47,No,0,Placerville,95667,38.733714,-120.795213,0,1,Offer E,Yes,17.07,Yes,Yes,DSL,3,Yes,Yes,No,No,No,No,No,Yes,Month-to-Month,No,Bank Withdrawal,61.15,61.15,0,0,17.07,78.22,Joined,Others,Others
1941-HOSAM,Male,20,Yes,3,San Diego,92101,32.72523,-117.171346,1,1,None,Yes,24.33,No,Yes,Fiber Optic,59,No,No,No,No,Yes,Yes,Yes,Yes,Month-to-Month,Yes,Bank Withdrawal,90.1,90.1,0,0,24.33,114.43,Joined,Others,Others
1942-OQFRW,Male,62,No,0,Forest Knolls,94933,38.010092,-122.689442,0,1,Offer E,Yes,13.4,No,Yes,DSL,17,No,No,No,No,No,No,No,Yes,Month-to-Month,No,Bank Withdrawal,44.0,44.0,0,0,13.4,57.4,Joined,Others,Others
2018-QKYGT,Male,19,Yes,3,San Gabriel,91775,34.114772,-118.089431,1,1,None,Yes,36.32,No,Yes,Fiber Optic,85,No,No,No,No,No,Yes,Yes,Yes,Month-to-Month,Yes,Bank Withdrawal,81.05,81.05,0,0,36.32,117.37,Joined,Others,Others
2043-WVTQJ,Male,61,Yes,0,Westminster,92683,33.752591,-117.993661,10,1,None,Yes,17.68,No,Yes,Cable,9,Yes,No,Yes,No,No,No,No,Yes,Month-to-Month,No,Credit Card,55.7,55.7,0,0,17.68,73.38,Joined,Others,Others
2049-BAFNW,Female,60,No,0,Vallejo,94592,38.093701,-122.276589,0,1,Offer E,No,0,No,Yes,DSL,7,No,No,Yes,Yes,No,No,No,Yes,Month-to-Month,No,Credit Card,35.9,35.9,0,0,0,35.9,Joined,Others,Others
2080-GKCWQ,Male,54,No,0,San Pablo,94806,37.980269,-122.342635,0,2,None,Yes,3.76,No,Yes,Fiber Optic,16,No,Yes,No,No,No,No,No,Yes,Month-to-Month,No,Bank Withdrawal,74.95,151.75,0,0,7.52,159.27,Joined,Others,Others
2080-SRCDE,Female,21,No,1,Walnut,91789,34.018354,-117.85492,0,1,Offer E,Yes,32.73,Yes,No,No,0,No,No,No,No,No,No,No,No,Month-to-Month,No,Mailed Check,25.4,25.4,0,0,32.73,58.13,Joined,Others,Others
2081-KJSQF,Male,25,No,0,Isleton,95641,38.154823,-121.601358,0,1,None,Yes,42.96,No,No,No,0,No,No,No,No,No,No,No,No,Month-to-Month,Yes,Credit Card,20.25,20.25,0,0,42.96,63.21,Joined,Others,Others
2081-VEYEH,Male,42,No,0,Compton,90221,33.885811,-118.206459,0,3,Offer E,Yes,12.66,No,Yes,Fiber Optic,28,No,Yes,Yes,Yes,Yes,Yes,Yes,Yes,Month-to-Month,Yes,Bank Withdrawal,107.95,318.6,0,0,37.98,356.58,Joined,Others,Others
2103-ZRXFN,Male,19,No,0,La Quinta,92253,33.695532,-116.310571,0,1,None,Yes,24.66,Yes,Yes,DSL,26,No,No,No,No,No,No,No,Yes,Month-to-Month,No,Credit Card,50.75,50.75,0,0,24.66,75.41,Joined,Others,Others
2111-DWYHN,Male,31,No,0,Aptos,95003,37.013471,-121.877877,0,1,None,Yes,18.81,No,No,No,0,No,No,No,No,No,No,No,No,Month-to-Month,No,Credit Card,21.1,21.1,0,0,18.81,39.91,Joined,Others,Others
2181-UAESM,Male,30,No,0,Angelus Oaks,92305,34.1678,-116.86433,0,2,None,Yes,12.59,No,Yes,Cable,76,Yes,No,Yes,No,No,No,No,Yes,Month-to-Month,No,Bank Withdrawal,53.45,119.5,0,0,25.18,144.68,Joined,Others,Others
2209-XADXF,Female,40,No,0,Willow Creek,95573,40.949012,-123.655847,0,1,Offer E,No,0,No,Yes,DSL,15,No,No,No,No,No,No,No,No,Month-to-Month,No,Bank Withdrawal,25.25,25.25,0,10,0,35.25,Joined,Others,Others
2220-IAHLS,Female,49,No,0,Modesto,95356,37.716186,-121.025836,0,1,None,Yes,2.85,No,No,No,0,No,No,No,No,No,No,No,No,Month-to-Month,No,Credit Card,19.4,19.4,0,0,2.85,22.25,Joined,Others,Others
2239-CFOUJ,Male,27,Yes,2,Trinidad,95570,41.162295,-124.027381,3,1,None,Yes,27.5,No,No,No,0,No,No,No,No,No,No,No,No,One Year,No,Credit Card,20.4,20.4,0,0,27.5,47.9,Joined,Others,Others
2254-DLXRI,Female,33,No,0,Burbank,91504,34.213049,-118.317651,0,1,Offer E,Yes,18,Yes,Yes,Fiber Optic,23,No,Yes,No,No,No,No,No,No,Month-to-Month,Yes,Credit Card,79.15,79.15,0,60,18,157.15,Joined,Others,Others
2262-SLNVK,Female,53,No,0,Birds Landing,94512,38.140719,-121.838298,0,1,None,Yes,1.15,No,Yes,Fiber Optic,23,No,No,No,No,No,No,No,Yes,Month-to-Month,No,Bank Withdrawal,70.1,70.1,0,0,1.15,71.25,Joined,Others,Others
2273-QCKXA,Male,39,No,0,Culver City,90232,34.019323,-118.391902,0,1,None,Yes,25.77,No,Yes,Cable,5,No,No,No,Yes,No,No,No,Yes,Month-to-Month,No,Credit Card,49.05,49.05,0,0,25.77,74.82,Joined,Others,Others
2275-RBYQS,Female,38,No,0,Sun City,92587,33.69887,-117.25071,0,1,Offer E,Yes,49.33,No,Yes,DSL,21,No,No,No,No,No,No,No,Yes,Month-to-Month,Yes,Credit Card,45.4,45.4,0,0,49.33,94.73,Joined,Others,Others
2303-PJYHN,Female,27,Yes,0,Los Angeles,90015,34.039224,-118.266293,8,2,Offer E,Yes,36.05,No,No,No,0,No,No,No,No,No,No,No,No,Month-to-Month,No,Bank Withdrawal,19.85,52.0,0,0,72.1,124.1,Joined,Others,Others
2308-STERM,Female,58,No,0,Armona,93202,36.315979,-119.710852,0,2,None,Yes,6.65,No,No,No,0,No,No,No,No,No,No,No,No,Month-to-Month,No,Credit Card,19.4,61.05,0,0,13.3,74.35,Joined,Others,Others
2325-NBPZG,Female,20,No,0,Novato,94949,38.067204,-122.524004,0,3,None,Yes,10.1,No,Yes,Fiber Optic,73,Yes,No,No,No,No,No,No,Yes,Month-to-Month,Yes,Bank Withdrawal,74.55,233.65,0,0,30.3,263.95,Joined,Others,Others
2342-CKIAO,Female,39,No,0,Eagleville,96110,41.280341,-120.150381,0,2,None,Yes,12.68,No,No,No,0,No,No,No,No,No,No,No,No,Month-to-Month,No,Credit Card,20.3,41.2,0,0,25.36,66.56,Joined,Others,Others
2369-FEVNO,Male,36,No,0,Long Beach,90806,33.802664,-118.179971,0,1,None,Yes,7.76,No,No,No,0,No,No,No,No,No,No,No,No,Month-to-Month,Yes,Credit Card,19.9,19.9,0,0,7.76,27.66,Joined,Others,Others
2393-DIVAI,Female,40,No,0,Brea,92821,33.930199,-117.862898,0,3,Offer E,Yes,15.37,No,No,No,0,No,No,No,No,No,No,No,No,Month-to-Month,Yes,Credit Card,20.0,61.7,0,0,46.11,107.81,Joined,Others,Others
2410-CIYFZ,Male,42,No,2,Woodland,95776,38.694081,-121.694431,0,2,None,Yes,49.53,No,No,No,0,No,No,No,No,No,No,No,No,Month-to-Month,No,Mailed Check,20.4,42.9,0,0,99.06,141.96,Joined,Others,Others
2424-WVHPL,Male,79,No,0,Redondo Beach,90278,33.873395,-118.37019,0,1,None,Yes,27.65,No,Yes,Fiber Optic,2,No,No,No,Yes,No,No,No,Yes,One Year,No,Bank Withdrawal,74.7,74.7,0,0,27.65,102.35,Joined,Others,Others
2465-BLLEU,Male,31,No,0,Salinas,93906,36.722898,-121.633648,0,1,Offer E,Yes,10.22,No,No,No,0,No,No,No,No,No,No,No,No,Month-to-Month,Yes,Credit Card,19.75,19.75,0,0,10.22,29.97,Joined,Others,Others
2468-SJFLM,Male,37,No,0,Biggs,95917,39.457388,-121.818201,0,1,None,Yes,39.55,No,Yes,Fiber Optic,21,No,No,No,Yes,No,No,No,Yes,Month-to-Month,Yes,Mailed Check,74.3,74.3,0,0,39.55,113.85,Joined,Others,Others
2480-JZOSN,Female,64,Yes,0,Woody,93287,35.710244,-118.881679,8,1,None,Yes,35.24,No,No,No,0,No,No,No,No,No,No,No,No,Month-to-Month,Yes,Credit Card,20.65,20.65,0,0,35.24,55.89,Joined,Others,Others
2538-OIMXF,Female,29,No,1,Cathedral City,92234,33.829583,-116.474131,0,1,Offer E,No,0,No,Yes,Cable,48,No,No,No,No,No,No,No,No,Month-to-Month,No,Credit Card,24.7,24.7,0,70,0,94.7,Joined,Others,Others
2542-HYGIQ,Female,58,No,0,Palo Alto,94303,37.45809,-122.115398,0,1,None,Yes,38.84,No,No,No,0,No,No,No,No,No,No,No,No,Month-to-Month,No,Credit Card,19.95,19.95,0,0,38.84,58.79,Joined,Others,Others
2545-EBUPK,Female,70,No,0,Los Angeles,90045,33.954017,-118.402447,0,2,Offer E,Yes,21.9,Yes,Yes,Fiber Optic,22,No,No,No,No,No,Yes,No,Yes,Two Year,Yes,Bank Withdrawal,84.05,186.05,0,0,43.8,229.85,Joined,Others,Others
2576-HXMPA,Female,30,No,0,Mckinleyville,95519,40.965011,-124.015255,0,1,None,Yes,8.23,No,No,No,0,No,No,No,No,No,No,No,No,Month-to-Month,No,Credit Card,19.55,19.55,0,0,8.23,27.78,Joined,Others,Others
2585-KTFRE,Male,61,No,1,Escondido,92027,33.141265,-116.967221,0,1,None,Yes,20.1,No,Yes,Cable,21,Yes,Yes,No,Yes,No,Yes,Yes,Yes,Month-to-Month,Yes,Bank Withdrawal,70.45,70.45,0,0,20.1,90.55,Joined,Others,Others
2592-YKDIF,Female,47,No,0,North Highlands,95660,38.671295,-121.388251,0,1,None,Yes,44.09,No,No,No,0,No,No,No,No,No,No,No,No,Month-to-Month,No,Credit Card,20.35,20.35,0,0,44.09,64.44,Joined,Others,Others
2607-FBDFF,Male,32,No,0,Tuolumne,95379,37.939768,-120.188002,0,1,None,Yes,49.19,No,Yes,DSL,17,No,No,No,Yes,No,No,No,Yes,Month-to-Month,No,Credit Card,49.0,49.0,0,0,49.19,98.19,Joined,Others,Others
2621-UDNLU,Female,35,Yes,0,San Francisco,94107,37.768881,-122.395521,9,3,None,Yes,11.77,No,No,No,0,No,No,No,No,No,No,No,No,Month-to-Month,No,Credit Card,20.85,72.0,0,0,35.31,107.31,Joined,Others,Others
2637-FKFSY,Female,61,Yes,0,Wasco,93280,35.652242,-119.4464,2,3,None,Yes,2.66,No,Yes,DSL,7,No,No,No,No,No,No,No,Yes,Month-to-Month,Yes,Mailed Check,46.1,130.15,0,0,7.98,138.13,Joined,Others,Others
2640-LYMOV,Male,59,No,0,Anaheim,92804,33.818,-117.974404,0,2,Offer E,Yes,9.61,No,No,No,0,No,No,No,No,No,No,No,No,Month-to-Month,Yes,Credit Card,19.65,38.8,0,0,19.22,58.02,Joined,Others,Others
2654-VBVPB,Female,22,No,0,Newport Beach,92663,33.62251,-117.927024,0,1,None,Yes,11.83,No,No,No,0,No,No,No,No,No,No,No,No,Month-to-Month,No,Bank Withdrawal,19.9,19.9,0,0,11.83,31.73,Joined,Others,Others
2668-TZSPS,Male,32,No,0,Santa Rosa,95403,38.488431,-122.752839,0,1,None,Yes,39.61,No,No,No,0,No,No,No,No,No,No,No,No,Month-to-Month,No,Mailed Check,20.45,20.45,0,0,39.61,60.06,Joined,Others,Others
2672-OJQZP,Female,35,No,0,Stockton,95203,37.954089,-121.329761,0,1,None,Yes,40.87,No,Yes,Cable,21,No,No,No,No,No,No,No,Yes,Month-to-Month,No,Credit Card,44.75,44.75,0,0,40.87,85.62,Joined,Others,Others
2676-ISHSF,Male,22,No,0,Anderson,96007,40.448632,-122.306657,0,1,None,Yes,29.19,No,No,No,0,No,No,No,No,No,No,No,No,Month-to-Month,No,Credit Card,20.3,20.3,0,0,29.19,49.49,Joined,Others,Others
2692-PFYTJ,Female,23,No,0,Hercules,94547,37.991259,-122.214945,0,1,None,Yes,15.22,Yes,No,No,0,No,No,No,No,No,No,No,No,Month-to-Month,Yes,Credit Card,-8.0,25.75,0,0,15.22,40.97,Joined,Others,Others
2700-LUEVA,Male,49,No,0,Oakland,94618,37.84551,-122.235181,0,1,None,Yes,36.28,No,No,No,0,No,No,No,No,No,No,No,No,Month-to-Month,No,Credit Card,20.75,20.75,0,0,36.28,57.03,Joined,Others,Others
2710-WYVXG,Female,36,No,0,Sun Valley,91352,34.231053,-118.338307,0,3,None,Yes,37,No,Yes,DSL,22,Yes,Yes,No,Yes,No,Yes,Yes,Yes,Two Year,No,Credit Card,71.1,213.35,2.62,0,111,321.73,Joined,Others,Others
2712-SYWAY,Female,30,No,0,Creston,93432,35.480896,-120.469476,0,1,Offer E,Yes,43.84,Yes,No,No,0,No,No,No,No,No,No,No,No,Month-to-Month,Yes,Bank Withdrawal,25.7,25.7,0,0,43.84,69.54,Joined,Others,Others
2740-TVLFN,Male,42,No,0,Manteca,95337,37.750822,-121.238423,0,1,Offer E,Yes,39.87,Yes,Yes,DSL,2,No,No,No,No,No,No,No,Yes,Month-to-Month,Yes,Bank Withdrawal,50.15,50.15,0,0,39.87,90.02,Joined,Others,Others
2789-HQBOU,Male,60,No,0,Bakersfield,93306,35.449881,-118.841442,0,3,Offer E,Yes,49.63,No,Yes,Fiber Optic,26,No,No,No,No,No,Yes,Yes,Yes,Month-to-Month,Yes,Bank Withdrawal,80.35,253.8,0,0,148.89,402.69,Joined,Others,Others
2792-LSHWX,Female,49,No,0,Fremont,94555,37.555473,-122.080312,0,1,None,Yes,43.06,No,Yes,Fiber Optic,9,Yes,Yes,No,Yes,No,No,No,Yes,Month-to-Month,Yes,Credit Card,83.4,83.4,0,0,43.06,126.46,Joined,Others,Others
2792-VPPET,Male,28,No,0,San Gabriel,91776,34.089927,-118.095645,0,3,None,Yes,37.01,No,No,No,0,No,No,No,No,No,No,No,No,Month-to-Month,Yes,Bank Withdrawal,20.5,76.95,0,0,111.03,187.98,Joined,Others,Others
2800-VEQXM,Female,48,No,0,Lebec,93243,34.845861,-118.885163,0,3,None,Yes,12.5,No,Yes,Fiber Optic,4,No,No,Yes,No,No,No,No,Yes,Month-to-Month,Yes,Mailed Check,74.75,238.1,38.84,0,37.5,236.76,Joined,Others,Others
2812-SFXMJ,Male,46,No,3,Hat Creek,96040,40.789799,-121.474529,0,1,None,Yes,7.66,No,No,No,0,No,No,No,No,No,No,No,No,Month-to-Month,No,Credit Card,20.05,20.05,0,0,7.66,27.71,Joined,Others,Others
2832-SCUCO,Female,52,No,0,Kirkwood,95646,38.631489,-120.015167,0,2,Offer E,Yes,26.9,No,No,No,0,No,No,No,No,No,No,No,No,Month-to-Month,No,Bank Withdrawal,19.9,57.4,0,0,53.8,111.2,Joined,Others,Others
2853-CWQFQ,Male,20,No,1,Eureka,95503,40.737431,-124.108897,0,1,None,Yes,41.39,No,Yes,Cable,48,No,No,No,Yes,No,Yes,Yes,Yes,Month-to-Month,Yes,Credit Card,59.55,59.55,0,0,41.39,100.94,Joined,Others,Others
2862-PFNIK,Male,47,No,3,San Leandro,94578,37.704384,-122.126703,0,1,None,No,0,No,Yes,Cable,21,No,No,No,No,No,No,No,No,Month-to-Month,Yes,Bank Withdrawal,24.7,24.7,0,0,0,24.7,Joined,Others,Others
2866-IKBTM,Female,57,No,0,Dana Point,92629,33.477923,-117.705314,0,1,None,Yes,40.63,No,No,No,0,No,No,No,No,No,No,No,No,Month-to-Month,No,Credit Card,19.55,19.55,0,0,40.63,60.18,Joined,Others,Others
2880-FPNAE,Male,69,Yes,0,Van Nuys,91405,34.202494,-118.448048,1,2,Offer E,Yes,7.29,No,Yes,Fiber Optic,14,No,No,Yes,No,No,No,No,Yes,Two Year,Yes,Bank Withdrawal,74.2,140.1,0,0,14.58,154.68,Joined,Others,Others
2897-DOVND,Male,31,No,0,Winterhaven,92283,32.852947,-114.850784,0,2,None,Yes,11.19,No,Yes,Fiber Optic,14,No,No,No,No,No,No,No,No,Month-to-Month,Yes,Bank Withdrawal,69.8,146.65,0,10,22.38,179.03,Joined,Others,Others
2903-YYTBW,Male,48,Yes,2,Hemet,92545,33.734933,-117.044145,1,1,None,Yes,41.1,No,Yes,DSL,18,No,No,No,No,No,No,No,Yes,Month-to-Month,No,Bank Withdrawal,44.55,44.55,0,0,41.1,85.65,Joined,Others,Others
2905-KFQUV,Female,61,Yes,0,Moss Beach,94038,37.515556,-122.502311,9,2,None,Yes,7.49,No,Yes,Fiber Optic,14,No,No,No,No,No,No,No,Yes,Month-to-Month,Yes,Credit Card,70.4,154.8,0,0,14.98,169.78,Joined,Others,Others
2920-RNCEZ,Male,46,Yes,1,Lebec,93243,34.845861,-118.885163,10,1,None,Yes,11.45,No,Yes,Fiber Optic,14,No,No,No,No,No,No,No,Yes,Month-to-Month,Yes,Credit Card,69.95,69.95,0,0,11.45,81.4,Joined,Others,Others
2967-MXRAV,Male,29,Yes,0,Los Angeles,90003,33.964131,-118.272783,9,1,None,Yes,43.57,No,No,No,0,No,No,No,No,No,No,No,No,One Year,No,Mailed Check,18.8,18.8,0,0,43.57,62.37,Joined,Others,Others
2969-QWUBZ,Female,53,No,0,Los Altos,94022,37.349546,-122.134356,0,2,None,No,0,No,Yes,Cable,21,No,Yes,No,No,Yes,Yes,Yes,Yes,Month-to-Month,No,Bank Withdrawal,51.4,96.8,0,0,0,96.8,Joined,Others,Others
2984-AFWNC,Female,52,No,0,Rough And Ready,95975,39.225634,-121.156163,0,3,None,Yes,17.01,No,Yes,Fiber Optic,28,No,Yes,No,No,Yes,Yes,Yes,Yes,Month-to-Month,No,Bank Withdrawal,95.4,293.15,0,0,51.03,344.18,Joined,Others,Others
2988-PLAHS,Female,58,No,0,Sierraville,96126,39.559709,-120.345639,0,3,Offer E,Yes,29.51,No,Yes,Cable,17,No,No,Yes,No,Yes,Yes,Yes,No,One Year,Yes,Bank Withdrawal,69.95,220.45,0,30,88.53,338.98,Joined,Others,Others
3007-FDPEA,Female,28,No,0,Fallbrook,92028,33.362575,-117.299644,0,2,None,Yes,13.89,No,No,No,0,No,No,No,No,No,No,No,No,Month-to-Month,Yes,Bank Withdrawal,20.7,39.85,0,0,27.78,67.63,Joined,Others,Others
3030-ZKIWL,Male,23,No,0,Lake Isabella,93240,35.607875,-118.466318,0,1,None,Yes,18.15,No,No,No,0,No,No,No,No,No,No,No,No,Month-to-Month,No,Credit Card,20.05,20.05,0,0,18.15,38.2,Joined,Others,Others
3039-MJSLN,Male,36,No,3,Cressey,95312,37.420273,-120.66527,0,3,None,Yes,18.43,No,No,No,0,No,No,No,No,No,No,No,No,Month-to-Month,No,Bank Withdrawal,20.2,50.6,0,0,55.29,105.89,Joined,Others,Others
3043-TYBNO,Male,43,No,0,Kneeland,95549,40.664483,-123.865325,0,3,None,Yes,22.49,No,Yes,DSL,11,No,No,No,Yes,No,Yes,Yes,Yes,Month-to-Month,No,Credit Card,60.65,196.9,0,0,67.47,264.37,Joined,Others,Others
3050-GBUSH,Female,25,No,0,Burlingame,94010,37.57028,-122.365778,0,3,None,No,0,No,Yes,DSL,46,No,No,No,No,Yes,No,No,Yes,Month-to-Month,Yes,Credit Card,34.8,113.95,0,0,0,113.95,Joined,Others,Others
3069-SSVSN,Female,50,No,0,Hilmar,95324,37.394536,-120.890747,0,1,None,No,0,No,Yes,DSL,18,No,No,No,No,No,No,No,Yes,One Year,No,Credit Card,25.85,25.85,0,0,0,25.85,Joined,Others,Others
3071-VBYPO,Male,38,Yes,2,Whittier,90604,33.929704,-118.01208,1,3,Offer E,Yes,33.3,No,Yes,Fiber Optic,12,Yes,Yes,No,No,Yes,No,No,Yes,Month-to-Month,No,Bank Withdrawal,89.85,248.4,0,0,99.9,348.3,Joined,Others,Others
3082-VQXNH,Male,62,Yes,0,Hat Creek,96040,40.789799,-121.474529,1,3,Offer E,No,0,No,Yes,DSL,4,No,Yes,No,No,No,No,No,Yes,Month-to-Month,No,Credit Card,29.8,94.4,0,0,0,94.4,Joined,Others,Others
3090-LETTY,Male,54,No,2,San Diego,92130,32.957195,-117.202542,0,2,None,Yes,14.88,Yes,Yes,DSL,12,Yes,Yes,No,No,No,No,No,Yes,Month-to-Month,No,Bank Withdrawal,60.95,134.6,0,0,29.76,164.36,Joined,Others,Others
3090-QFUVD,Female,48,No,0,Reedley,93654,36.636638,-119.421842,0,1,None,Yes,4.09,No,No,No,0,No,No,No,No,No,No,No,No,Month-to-Month,No,Credit Card,20.3,20.3,0,0,4.09,24.39,Joined,Others,Others
3130-ICDUP,Female,56,No,1,Hercules,94547,37.991259,-122.214945,0,2,None,Yes,5.3,Yes,Yes,Fiber Optic,11,Yes,No,No,No,No,No,No,Yes,Month-to-Month,No,Credit Card,80.55,188.1,0,0,10.6,198.7,Joined,Others,Others
3156-QLHBO,Male,58,No,1,San Jose,95136,37.270938,-121.851046,0,2,None,Yes,21.18,No,No,No,0,No,No,No,No,No,No,No,No,Month-to-Month,No,Credit Card,19.25,48.35,0,0,42.36,90.71,Joined,Others,Others
3191-CSNMG,Female,57,Yes,1,Upland,91784,34.141146,-117.655583,5,3,Offer E,Yes,23.72,No,Yes,Fiber Optic,17,No,No,No,No,Yes,No,No,Yes,Month-to-Month,Yes,Bank Withdrawal,80.7,239.45,0,0,71.16,310.61,Joined,Others,Others
3195-TQDZX,Male,19,No,0,Elk Creek,95939,39.53222,-122.594879,0,3,None,Yes,1.57,No,No,No,0,No,No,No,No,No,No,No,No,Month-to-Month,Yes,Bank Withdrawal,20.25,61.45,0,0,4.71,66.16,Joined,Others,Others
3234-VKACU,Male,21,No,0,Sunol,94586,37.587494,-121.862856,0,2,None,Yes,23.52,No,Yes,DSL,48,No,No,No,Yes,Yes,Yes,Yes,Yes,Month-to-Month,No,Bank Withdrawal,-8.0,132.4,0,0,47.04,179.44,Joined,Others,Others
3247-MHJKM,Male,27,No,0,Upland,91784,34.141146,-117.655583,0,1,None,Yes,42.15,No,No,No,0,No,No,No,No,No,No,No,No,Month-to-Month,No,Mailed Check,20.2,20.2,0,0,42.15,62.35,Joined,Others,Others
3278-FSIXX,Female,34,No,0,Blue Lake,95525,40.94338,-123.831799,0,2,Offer E,Yes,39.5,No,Yes,Cable,26,No,No,No,No,No,No,No,Yes,Month-to-Month,Yes,Credit Card,45.25,74.2,0,0,79,153.2,Joined,Others,Others
3295-YVUSR,Male,73,No,0,Glendale,91202,34.167926,-118.267539,0,2,None,Yes,15.19,Yes,Yes,Fiber Optic,30,No,No,No,No,No,No,No,Yes,Month-to-Month,Yes,Mailed Check,72.6,154.3,0,0,30.38,184.68,Joined,Others,Others
3308-MHOOC,Male,37,No,3,Scotia,95565,40.440636,-124.098739,0,1,None,Yes,17.89,No,No,No,0,No,No,No,No,No,No,No,No,Month-to-Month,Yes,Credit Card,19.2,19.2,0,0,17.89,37.09,Joined,Others,Others
3318-NMQXL,Male,58,No,0,El Monte,91731,34.079934,-118.046695,0,3,Offer E,Yes,15.6,No,Yes,Fiber Optic,9,No,No,No,No,Yes,Yes,Yes,Yes,Month-to-Month,Yes,Bank Withdrawal,92.0,266.8,0,0,46.8,313.6,Joined,Others,Others
3370-HXOPH,Female,50,No,0,Mountain View,94041,37.388349,-122.075299,0,3,None,Yes,14.35,Yes,Yes,Fiber Optic,17,No,No,No,No,No,No,No,Yes,Month-to-Month,No,Bank Withdrawal,76.1,257.6,0,0,43.05,300.65,Joined,Others,Others
3373-YZZYM,Male,57,Yes,3,Los Gatos,95030,37.222842,-121.988727,10,1,None,Yes,32.78,No,No,No,0,No,No,No,No,No,No,No,No,Month-to-Month,No,Credit Card,19.2,19.2,0,0,32.78,51.98,Joined,Others,Others
3407-QGWLG,Male,23,No,1,Roseville,95661,38.736685,-121.251984,0,3,None,Yes,37.85,No,No,No,0,No,No,No,No,No,No,No,No,Month-to-Month,Yes,Credit Card,20.05,75.45,0,0,113.55,189.0,Joined,Others,Others
3411-WLRSQ,Female,80,Yes,0,Los Angeles,90038,34.088017,-118.327168,3,3,Offer E,Yes,39.51,No,Yes,Fiber Optic,17,No,Yes,No,No,No,No,No,No,Month-to-Month,Yes,Bank Withdrawal,74.6,239.05,0,30,118.53,387.58,Joined,Others,Others
3413-BMNZE,Male,71,No,0,Los Angeles,90037,34.002642,-118.287596,0,1,Offer E,Yes,11.89,No,Yes,DSL,12,No,No,No,No,No,No,No,Yes,One Year,No,Bank Withdrawal,45.25,45.25,0,0,11.89,57.14,Joined,Others,Others
3420-YJLQT,Female,45,No,0,Alturas,96101,41.468877,-120.54229,0,2,Offer E,Yes,25.56,Yes,Yes,Fiber Optic,6,No,Yes,No,No,No,No,No,Yes,Month-to-Month,No,Bank Withdrawal,79.55,151.75,0,0,51.12,202.87,Joined,Others,Others
3422-GALYP,Male,20,No,0,Phillipsville,95559,40.184094,-123.745487,0,2,Offer E,Yes,28.61,Yes,Yes,Fiber Optic,85,No,Yes,No,No,No,No,No,Yes,Month-to-Month,Yes,Bank Withdrawal,79.45,145.15,0,0,57.22,202.37,Joined,Others,Others
3439-GVUSX,Male,45,No,0,Lookout,96054,41.280478,-121.160249,0,1,None,No,0,No,Yes,DSL,29,No,No,No,No,No,No,No,Yes,Month-to-Month,No,Credit Card,24.4,24.4,0,0,0,24.4,Joined,Others,Others
3489-HHPFY,Female,40,Yes,0,Amboy,92304,34.559882,-115.637164,9,2,None,Yes,22.23,Yes,Yes,Fiber Optic,13,No,No,No,No,Yes,No,No,Yes,Month-to-Month,Yes,Bank Withdrawal,84.05,134.05,0,0,44.46,178.51,Joined,Others,Others
3518-PZXZQ,Female,27,Yes,0,Castroville,95012,36.784481,-121.759054,8,1,None,Yes,36.69,No,Yes,DSL,82,No,No,No,No,Yes,No,No,Yes,Month-to-Month,Yes,Credit Card,55.3,55.3,0,0,36.69,91.99,Joined,Others,Others
3566-HJGPK,Male,50,No,0,Woodland Hills,91367,34.178068,-118.615714,0,1,Offer E,Yes,16.34,No,Yes,DSL,4,No,No,No,No,No,No,No,Yes,Month-to-Month,Yes,Mailed Check,45.55,45.55,0,0,16.34,61.89,Joined,Others,Others
3577-AMVUX,Male,59,No,0,Big Bear City,92314,34.278967,-116.773825,0,1,None,Yes,14.65,No,Yes,Cable,15,No,No,Yes,Yes,No,No,No,Yes,Month-to-Month,No,Credit Card,55.05,55.05,0,0,14.65,69.7,Joined,Others,Others
3590-TCXTB,Male,50,No,0,Cerritos,90703,33.8681,-118.067402,0,1,None,Yes,31.97,No,No,No,0,No,No,No,No,No,No,No,No,Month-to-Month,No,Credit Card,20.35,20.35,0,0,31.97,52.32,Joined,Others,Others
3594-IVHJZ,Female,31,No,0,French Gulch,96033,40.740138,-122.587476,0,2,None,Yes,47.19,No,No,No,0,No,No,No,No,No,No,No,No,Month-to-Month,Yes,Mailed Check,20.45,42.45,0,0,94.38,136.83,Joined,Others,Others
3594-KADLU,Male,33,Yes,0,Witter Springs,95493,39.222323,-122.985488,3,3,Offer E,No,0,No,Yes,Cable,25,Yes,No,No,Yes,No,No,No,Yes,Month-to-Month,No,Credit Card,35.1,101.1,0,0,0,101.1,Joined,Others,Others
3620-MWJNE,Male,32,No,0,Homeland,92548,33.761894,-117.120868,0,2,None,Yes,19.87,No,Yes,DSL,19,Yes,No,No,Yes,No,No,No,Yes,Month-to-Month,Yes,Credit Card,54.45,87.3,0,0,39.74,127.04,Joined,Others,Others
3645-DEYGF,Male,29,No,1,Northridge,91325,34.236683,-118.517588,0,1,None,Yes,7.57,No,No,No,0,No,No,No,No,No,No,No,No,Month-to-Month,No,Credit Card,20.75,20.75,0,0,7.57,28.32,Joined,Others,Others
3679-XASPY,Female,38,Yes,2,Inglewood,90305,33.958134,-118.330905,1,1,Offer E,Yes,16.44,No,No,No,0,No,No,No,No,No,No,No,No,Month-to-Month,No,Bank Withdrawal,19.45,19.45,0,0,16.44,35.89,Joined,Others,Others
3716-UVSPD,Male,54,No,0,San Juan Capistrano,92675,33.521447,-117.602555,0,1,None,Yes,14.97,No,Yes,DSL,5,No,No,No,Yes,No,No,No,No,Month-to-Month,Yes,Bank Withdrawal,-1.0,49.3,0,10,14.97,74.27,Joined,Others,Others
3717-OEAUQ,Male,37,No,0,Ione,95640,38.33788,-120.954202,0,2,Offer E,Yes,2.72,No,Yes,Fiber Optic,14,No,No,No,No,No,No,No,No,Month-to-Month,No,Credit Card,-1.0,129.2,0,10,5.44,144.64,Joined,Others,Others
3717-OFRTN,Male,48,No,0,Dublin,94568,37.713926,-121.928425,0,1,Offer E,Yes,5.32,No,No,No,0,No,No,No,No,No,No,No,No,Month-to-Month,No,Bank Withdrawal,19.75,19.75,0,0,5.32,25.07,Joined,Others,Others
3727-JEZTU,Female,29,No,0,Bakersfield,93312,35.392599,-119.245341,0,1,None,Yes,45.91,No,No,No,0,No,No,No,No,No,No,No,No,Month-to-Month,No,Credit Card,20.4,20.4,0,0,45.91,66.31,Joined,Others,Others
3744-ZBHON,Female,64,No,0,Highland,92346,34.129677,-117.154277,0,3,None,Yes,31.81,No,No,No,0,No,No,No,No,No,No,No,No,Month-to-Month,No,Bank Withdrawal,20.2,65.95,0,0,95.43,161.38,Joined,Others,Others
3785-NRHYR,Male,40,No,0,Bridgeport,93517,38.184583,-119.286558,0,1,None,Yes,16.91,No,No,No,0,No,No,No,No,No,No,No,No,Month-to-Month,No,Credit Card,19.65,19.65,0,0,16.91,36.56,Joined,Others,Others
3798-EPWRR,Female,74,No,0,Beverly Hills,90212,34.062095,-118.401508,0,2,Offer E,Yes,19.09,No,Yes,DSL,30,No,No,No,No,No,No,No,Yes,Month-to-Month,No,Bank Withdrawal,43.95,85.1,0,0,38.18,123.28,Joined,Others,Others
3806-YAZOV,Female,44,No,0,Lagunitas,94938,38.021772,-122.691744,0,3,Offer E,Yes,6.61,No,No,No,0,No,No,No,No,No,No,No,No,Month-to-Month,No,Credit Card,18.8,56.0,0,0,19.83,75.83,Joined,Others,Others
3807-XHCJH,Female,21,Yes,3,Fish Camp,93623,37.483535,-119.679414,4,1,None,Yes,6.86,No,No,No,0,No,No,No,No,No,No,No,No,Month-to-Month,No,Bank Withdrawal,20.0,20.0,0,0,6.86,26.86,Joined,Others,Others
3841-CONLJ,Female,33,Yes,0,Morro Bay,93442,35.369553,-120.763864,9,1,None,No,0,No,Yes,DSL,14,No,No,No,No,No,Yes,Yes,Yes,Month-to-Month,No,Bank Withdrawal,35.0,35.0,0,0,0,35.0,Joined,Others,Others
3845-FXCYS,Male,55,No,0,Long Barn,95335,38.109125,-120.078597,0,2,None,Yes,7.8,No,No,No,0,No,No,No,No,No,No,No,No,Month-to-Month,Yes,Bank Withdrawal,19.65,31.2,0,0,15.6,46.8,Joined,Others,Others
3878-AVSOQ,Female,68,No,0,La Jolla,92037,32.853743,-117.25034,0,1,None,Yes,17.6,No,Yes,Fiber Optic,2,No,No,No,No,No,No,No,No,Two Year,Yes,Bank Withdrawal,71.25,71.25,0,10,17.6,98.85,Joined,Others,Others
3916-NRPAP,Male,21,No,0,Escalon,95320,37.818543,-121.006907,0,3,Offer E,Yes,29.84,No,Yes,Fiber Optic,30,No,No,Yes,No,No,Yes,Yes,Yes,Month-to-Month,No,Credit Card,85.7,256.75,0,0,89.52,346.27,Joined,Others,Others
3930-ZGWVE,Male,45,No,0,Stanton,90680,33.801869,-117.995068,0,1,None,Yes,15.77,No,No,No,0,No,No,No,No,No,No,No,No,Month-to-Month,No,Credit Card,19.75,19.75,0,0,15.77,35.52,Joined,Others,Others
3936-QQFLL,Male,58,No,0,Calimesa,92320,33.982787,-117.057627,0,2,None,Yes,1.97,No,No,No,0,No,No,No,No,No,No,No,No,Month-to-Month,No,Credit Card,19.75,39.3,0,0,3.94,43.24,Joined,Others,Others
3961-SXAXY,Male,49,No,0,Thousand Oaks,91362,34.191842,-118.822796,0,1,Offer E,Yes,30.73,No,Yes,Cable,10,No,No,No,No,No,No,No,Yes,Month-to-Month,Yes,Bank Withdrawal,44.05,44.05,0,0,30.73,74.78,Joined,Others,Others
3966-HRMZA,Female,74,No,0,Bishop,93514,37.04584,-118.397236,0,3,Offer E,Yes,41.44,No,Yes,Fiber Optic,13,No,No,Yes,No,No,No,No,No,One Year,No,Credit Card,75.05,202.9,5.49,10,124.32,331.73,Joined,Others,Others
3976-NLDEZ,Male,55,No,0,Mira Loma,91752,33.999992,-117.535395,0,1,Offer E,Yes,1.48,No,No,No,0,No,No,No,No,No,No,No,No,Month-to-Month,No,Credit Card,20.6,20.6,0,0,1.48,22.08,Joined,Others,Others
3995-WFCSM,Female,28,No,0,San Jacinto,92582,33.806708,-117.02007,0,2,None,Yes,15.25,No,Yes,DSL,82,No,No,Yes,No,No,Yes,Yes,Yes,Month-to-Month,No,Bank Withdrawal,60.85,111.4,0,0,30.5,141.9,Joined,Others,Others
4013-GUXND,Male,37,No,0,Lancaster,93534,34.727529,-118.153098,0,1,Offer E,Yes,48.14,No,No,No,0,No,No,No,No,No,No,No,No,Month-to-Month,No,Credit Card,20.8,20.8,0,0,48.14,68.94,Joined,Others,Others
4026-SKKHW,Male,35,No,0,Dillon Beach,94929,38.24458,-122.956268,0,3,None,Yes,28.19,No,Yes,Cable,21,No,No,No,Yes,No,No,No,Yes,Month-to-Month,Yes,Credit Card,50.25,152.3,0,0,84.57,236.87,Joined,Others,Others
4029-HPFVY,Male,35,No,0,San Francisco,94118,37.781304,-122.461522,0,3,None,Yes,9.74,No,Yes,Fiber Optic,27,No,No,No,No,No,No,No,Yes,Month-to-Month,Yes,Credit Card,70.3,220.4,0,0,29.22,249.62,Joined,Others,Others
4061-UKJWL,Male,35,No,0,San Francisco,94102,37.7795,-122.419233,0,3,None,Yes,20.37,No,Yes,Cable,17,No,No,No,No,No,No,No,Yes,Month-to-Month,No,Credit Card,45.45,141.7,0,0,61.11,202.81,Joined,Others,Others
4065-JJAVA,Female,56,No,0,Oakland,94605,37.758019,-122.138678,0,1,None,Yes,16.99,No,Yes,DSL,8,No,Yes,No,No,No,No,No,No,Month-to-Month,No,Bank Withdrawal,49.5,49.5,0,30,16.99,96.49,Joined,Others,Others
4090-KPJIP,Female,42,No,0,Anaheim,92806,33.83796,-117.870494,0,3,Offer E,Yes,1.64,Yes,Yes,Fiber Optic,8,No,No,No,No,No,No,No,Yes,Month-to-Month,Yes,Bank Withdrawal,74.95,212.4,27.6,0,4.92,189.72,Joined,Others,Others
4137-BTIKL,Male,55,No,0,Daggett,92327,34.875144,-116.821698,0,2,Offer E,Yes,27.17,Yes,Yes,Fiber Optic,23,Yes,No,No,No,No,Yes,Yes,Yes,Month-to-Month,No,Credit Card,90.75,174.75,0,0,54.34,229.09,Joined,Others,Others
4146-SVFUD,Male,45,No,0,Modesto,95351,37.621458,-121.012295,0,1,None,Yes,45.28,No,Yes,DSL,2,No,No,No,No,No,No,No,Yes,Month-to-Month,No,Mailed Check,44.6,44.6,0,0,45.28,89.88,Joined,Others,Others
4195-NZGTA,Female,40,No,0,Valencia,91354,34.457005,-118.573726,0,1,None,No,0,No,Yes,Cable,2,No,No,No,No,No,No,No,Yes,Month-to-Month,No,Bank Withdrawal,25.25,25.25,0,0,0,25.25,Joined,Others,Others
4223-WOZCM,Male,71,No,0,Carmel,93923,36.460611,-121.852507,0,2,Offer E,Yes,37.97,No,Yes,DSL,9,No,No,Yes,No,No,No,No,Yes,Two Year,No,Mailed Check,49.95,107.1,0,0,75.94,183.04,Joined,Others,Others
4232-JGKIY,Male,22,No,0,Los Angeles,90011,34.00709,-118.258681,0,1,None,Yes,26.37,No,No,No,0,No,No,No,No,No,No,No,No,Month-to-Month,No,Bank Withdrawal,19.2,19.2,0,0,26.37,45.57,Joined,Others,Others
4234-XTNEA,Male,25,No,0,Irvine,92606,33.703976,-117.824172,0,2,None,Yes,37.7,No,Yes,Fiber Optic,73,No,No,No,No,Yes,No,No,Yes,Month-to-Month,Yes,Bank Withdrawal,79.95,174.45,0,0,75.4,249.85,Joined,Others,Others
4236-UJPWO,Female,34,No,0,Alviso,95002,37.449537,-121.994813,0,2,Offer E,No,0,No,Yes,DSL,5,No,No,No,No,No,No,No,Yes,Month-to-Month,No,Bank Withdrawal,24.5,46.4,0,0,0,46.4,Joined,Others,Others
4237-CLSMM,Male,45,Yes,0,Highland,92346,34.129677,-117.154277,10,2,None,Yes,34.38,No,No,No,0,No,No,No,No,No,No,No,No,Month-to-Month,No,Mailed Check,20.0,38.0,0,0,68.76,106.76,Joined,Others,Others
4273-MBHYA,Female,38,No,1,Desert Hot Springs,92241,33.832799,-116.250973,0,1,None,Yes,5.36,No,Yes,Fiber Optic,19,No,No,No,No,Yes,Yes,Yes,Yes,Month-to-Month,Yes,Bank Withdrawal,89.35,89.35,0,0,5.36,94.71,Joined,Others,Others
4291-HPAXL,Male,63,No,2,Galt,95632,38.274451,-121.259201,0,1,None,Yes,29.1,No,No,No,0,No,No,No,No,No,No,No,No,Month-to-Month,No,Credit Card,19.85,19.85,0,0,29.1,48.95,Joined,Others,Others
4367-NHWMM,Female,37,No,0,Corte Madera,94925,37.924014,-122.511694,0,1,None,No,0,No,Yes,Cable,13,No,No,No,No,No,No,No,Yes,Month-to-Month,Yes,Credit Card,24.9,24.9,0,0,0,24.9,Joined,Others,Others
4373-VVHQL,Male,37,No,0,Arroyo Grande,93420,35.176236,-120.483243,0,1,Offer E,Yes,18.57,No,Yes,DSL,26,No,No,No,No,No,No,No,No,Month-to-Month,Yes,Bank Withdrawal,44.75,44.75,0,10,18.57,73.32,Joined,Others,Others
4393-OBCRR,Female,60,No,0,Bella Vista,96008,40.722733,-122.109666,0,3,None,Yes,1.47,No,No,No,0,No,No,No,No,No,No,No,No,One Year,No,Mailed Check,20.25,71.2,0,0,4.41,75.61,Joined,Others,Others
4450-DLLMH,Male,53,No,0,Avalon,90704,33.391181,-118.421305,0,2,Offer E,Yes,6.74,No,Yes,Fiber Optic,3,No,No,No,No,No,No,No,Yes,Month-to-Month,Yes,Credit Card,71.3,157.75,0,0,13.48,171.23,Joined,Others,Others
4482-EWFMI,Female,54,No,0,Arcadia,91006,34.137319,-118.029837,0,2,None,Yes,15.67,No,Yes,Fiber Optic,8,No,No,No,No,No,No,No,Yes,Month-to-Month,Yes,Bank Withdrawal,69.7,135.2,0,0,31.34,166.54,Joined,Others,Others
4537-DKTAL,Female,26,No,0,Darwin,93522,36.319181,-117.593053,0,2,Offer E,Yes,41.9,No,Yes,DSL,71,No,No,No,No,No,No,No,No,Month-to-Month,No,Bank Withdrawal,45.55,84.4,0,10,83.8,178.2,Joined,Others,Others
4634-JLRJT,Female,30,No,0,Ontario,91764,34.074087,-117.605618,0,1,Offer E,Yes,29.86,No,No,No,0,No,No,No,No,No,No,No,No,Month-to-Month,Yes,Credit Card,20.35,20.35,0,0,29.86,50.21,Joined,Others,Others
4661-NJEUX,Male,42,No,0,Portola Valley,94028,37.369709,-122.215844,0,1,None,Yes,3.23,No,No,No,0,No,No,No,No,No,No,No,No,Month-to-Month,Yes,Credit Card,20.05,20.05,0,0,3.23,23.28,Joined,Others,Others
4693-VWVBO,Female,60,No,0,Valley Springs,95252,38.156971,-120.849231,0,3,None,Yes,40.98,No,No,No,0,No,No,No,No,No,No,No,No,Month-to-Month,No,Bank Withdrawal,19.55,61.05,0,0,122.94,183.99,Joined,Others,Others
4697-LUPSU,Male,22,Yes,0,Grover Beach,93433,35.120833,-120.61843,6,2,None,Yes,38.41,No,No,No,0,No,No,No,No,No,No,No,No,One Year,No,Credit Card,20.2,34.75,0,0,76.82,111.57,Joined,Others,Others
4706-DGAHW,Male,73,No,0,California Hot Springs,93207,35.865795,-118.69759,0,1,Offer E,Yes,49.34,No,Yes,DSL,15,No,No,No,No,No,No,No,Yes,Two Year,No,Bank Withdrawal,45.2,45.2,0,0,49.34,94.54,Joined,Others,Others
4727-MCYZG,Male,23,No,0,Union City,94587,37.59485,-122.051521,0,1,Offer E,Yes,33.32,No,Yes,DSL,48,No,No,No,No,No,Yes,Yes,No,Month-to-Month,No,Mailed Check,55.55,55.55,0,30,33.32,118.87,Joined,Others,Others
4741-WWJQZ,Female,49,Yes,0,Forestville,95436,38.499302,-122.92444,0,2,Offer E,Yes,26.58,No,Yes,Fiber Optic,23,Yes,No,No,Yes,No,No,No,Yes,Month-to-Month,Yes,Bank Withdrawal,80.15,194.55,0,0,53.16,247.71,Joined,Others,Others
4770-UEZOX,Male,19,No,0,Fallbrook,92028,33.362575,-117.299644,0,2,Offer E,Yes,43.56,No,Yes,Fiber Optic,52,No,Yes,No,No,No,No,No,Yes,Month-to-Month,Yes,Bank Withdrawal,74.75,144.8,0,0,87.12,231.92,Joined,Others,Others
4781-ZXYGU,Male,25,Yes,2,Sausalito,94965,37.848641,-122.515692,7,1,Offer E,Yes,18.63,No,No,No,0,No,No,No,No,No,No,No,No,Month-to-Month,Yes,Bank Withdrawal,20.15,20.15,0,0,18.63,38.78,Joined,Others,Others
4854-CIDCF,Female,74,No,0,Los Angeles,90065,34.108833,-118.229715,0,3,None,Yes,46.65,No,Yes,Fiber Optic,25,No,No,Yes,No,No,No,No,Yes,Two Year,No,Bank Withdrawal,73.85,196.4,0,0,139.95,336.35,Joined,Others,Others
4854-SSLTN,Male,49,Yes,4,Torrance,90502,33.833181,-118.292062,8,2,Offer E,Yes,42.55,No,Yes,DSL,53,Yes,Yes,No,Yes,No,No,No,Yes,Two Year,No,Mailed Check,59.5,130.5,0,0,85.1,215.6,Joined,Others,Others
4912-PIGUY,Female,44,No,0,Perris,92571,33.828289,-117.201666,0,1,Offer E,Yes,7.34,Yes,Yes,Fiber Optic,11,No,No,No,No,Yes,No,No,No,Month-to-Month,Yes,Bank Withdrawal,84.6,84.6,0,0,7.34,91.94,Joined,Others,Others
4927-WWOOZ,Male,39,Yes,0,Pacific Grove,93950,36.618337,-121.926417,0,2,None,Yes,49.41,Yes,Yes,Fiber Optic,20,No,No,Yes,No,Yes,No,No,No,Month-to-Month,Yes,Bank Withdrawal,91.45,171.45,0,10,98.82,280.27,Joined,Others,Others
4929-XIHVW,Male,79,Yes,0,Los Angeles,90034,34.030578,-118.399613,10,2,Offer E,Yes,33.1,No,Yes,Fiber Optic,11,No,No,Yes,No,Yes,Yes,No,No,One Year,Yes,Credit Card,95.5,181.65,0,10,66.2,257.85,Joined,Others,Others
4957-TREIR,Male,37,No,0,Stratford,93266,36.175255,-119.813805,0,3,None,Yes,38.05,No,Yes,DSL,7,Yes,No,No,Yes,Yes,No,No,Yes,Month-to-Month,Yes,Credit Card,64.4,195.65,0,0,114.15,309.8,Joined,Others,Others
4983-CCWMC,Male,43,No,0,Creston,93432,35.480896,-120.469476,0,3,None,Yes,28.97,No,Yes,Fiber Optic,16,No,No,No,No,No,No,No,No,Month-to-Month,Yes,Credit Card,69.6,207.4,0,20,86.91,314.31,Joined,Others,Others
4986-MXSFP,Female,40,No,0,San Leandro,94579,37.687264,-122.15728,0,2,Offer E,Yes,43.27,No,No,No,0,No,No,No,No,No,No,No,No,Month-to-Month,Yes,Mailed Check,20.0,40.9,0,0,86.54,127.44,Joined,Others,Others
5032-MIYKT,Female,19,No,0,Weott,95571,40.310119,-123.909449,0,1,None,Yes,38.81,No,Yes,Fiber Optic,52,No,No,No,No,No,No,Yes,Yes,Month-to-Month,Yes,Credit Card,70.7,70.7,0,0,38.81,109.51,Joined,Others,Others
5043-TRZWM,Female,32,No,0,Los Angeles,90022,34.02381,-118.156582,0,1,None,Yes,7.11,No,Yes,Fiber Optic,26,No,No,Yes,No,No,No,No,Yes,Month-to-Month,No,Bank Withdrawal,75.55,75.55,0,0,7.11,82.66,Joined,Others,Others
5066-GFJMM,Female,55,Yes,0,Eureka,95501,40.796621,-124.15428,4,3,Offer E,Yes,41.36,No,No,No,0,No,No,No,No,No,No,No,No,Month-to-Month,Yes,Credit Card,19.9,45.75,0,0,124.08,169.83,Joined,Others,Others
5067-DGXLL,Male,35,No,0,Alleghany,95910,39.467828,-120.841386,0,2,None,Yes,15.83,No,No,No,0,No,No,No,No,No,No,No,No,Month-to-Month,No,Credit Card,20.25,36.8,0,0,31.66,68.46,Joined,Others,Others
5088-QZLRL,Male,50,No,0,Corona,92881,33.833686,-117.513063,0,1,Offer E,Yes,1.47,No,No,No,0,No,No,No,No,No,No,No,No,Month-to-Month,No,Bank Withdrawal,20.65,20.65,0,0,1.47,22.12,Joined,Others,Others
5091-HFAZW,Female,36,No,0,Santa Fe Springs,90670,33.933565,-118.062611,0,2,None,Yes,46.78,No,Yes,Fiber Optic,12,Yes,Yes,No,No,Yes,No,No,No,Month-to-Month,Yes,Bank Withdrawal,91.15,168.5,0,10,93.56,272.06,Joined,Others,Others
5119-NZPTV,Male,70,Yes,0,Sacramento,95823,38.475465,-121.443625,9,2,Offer E,Yes,34.99,No,Yes,Fiber Optic,24,No,No,No,No,No,No,No,Yes,Month-to-Month,No,Bank Withdrawal,70.1,141.65,0,0,69.98,211.63,Joined,Others,Others
5122-CYFXA,Female,53,No,0,Beverly Hills,90212,34.062095,-118.401508,0,3,Offer E,Yes,38.99,No,Yes,DSL,20,No,Yes,No,Yes,Yes,Yes,Yes,Yes,Month-to-Month,Yes,Bank Withdrawal,75.3,244.1,0,0,116.97,361.07,Joined,Others,Others
5133-POWUA,Male,34,No,0,Somerset,95684,38.606703,-120.586659,0,1,None,Yes,13.62,No,Yes,Cable,21,No,No,No,No,No,No,No,Yes,Month-to-Month,Yes,Credit Card,45.8,45.8,0,0,13.62,59.42,Joined,Others,Others
5150-ITWWB,Male,65,No,0,Hamilton City,95951,39.732767,-122.042298,0,3,Offer E,Yes,37.78,Yes,Yes,Fiber Optic,28,No,No,No,No,Yes,Yes,Yes,Yes,Two Year,Yes,Bank Withdrawal,94.85,335.75,0,0,113.34,449.09,Joined,Others,Others
5156-UMKOW,Female,44,No,3,San Simeon,93452,35.746484,-121.223355,0,3,None,No,0,No,Yes,DSL,53,No,Yes,No,No,No,No,No,Yes,Month-to-Month,No,Mailed Check,29.65,90.05,0,0,0,90.05,Joined,Others,Others
5173-WXOQV,Male,38,Yes,0,Dos Palos,93620,37.045728,-120.630682,2,2,Offer E,Yes,4.41,No,Yes,DSL,26,No,Yes,No,Yes,No,Yes,Yes,No,Month-to-Month,Yes,Credit Card,64.2,143.65,0,30,8.82,182.47,Joined,Others,Others
5173-ZXXXL,Male,47,No,0,Orange,92869,33.792791,-117.789749,0,2,None,Yes,31.45,No,No,No,0,No,No,No,No,No,No,No,No,One Year,No,Credit Card,19.95,47.7,0,0,62.9,110.6,Joined,Others,Others
5207-PLSTK,Male,32,Yes,2,La Habra,90631,33.940619,-117.9513,10,1,None,Yes,26.26,No,Yes,DSL,22,Yes,No,No,No,No,No,No,Yes,Month-to-Month,Yes,Credit Card,48.75,48.75,0,0,26.26,75.01,Joined,Others,Others
5351-QESIO,Male,64,No,2,San Diego,92122,32.85723,-117.209774,0,1,Offer E,No,0,No,Yes,Cable,17,No,No,No,No,No,No,No,Yes,Month-to-Month,No,Mailed Check,24.2,24.2,0,0,0,24.2,Joined,Others,Others
5356-CSVSQ,Female,20,No,0,La Verne,91750,34.144703,-117.770299,0,3,None,Yes,40.99,Yes,Yes,Cable,48,No,No,No,Yes,Yes,No,No,Yes,Month-to-Month,No,Bank Withdrawal,64.6,174.2,0,0,122.97,297.17,Joined,Others,Others
5365-LLFYV,Female,43,No,0,Penryn,95663,38.859093,-121.182872,0,2,Offer E,Yes,5.47,No,Yes,DSL,29,No,No,No,No,No,No,No,Yes,Month-to-Month,Yes,Credit Card,45.85,105.6,0,0,10.94,116.54,Joined,Others,Others
5442-BHQNG,Female,32,No,0,Brooks,95606,38.809804,-122.241383,0,2,None,Yes,44.77,No,Yes,Fiber Optic,9,No,No,No,No,No,No,No,Yes,Month-to-Month,No,Bank Withdrawal,70.35,139.25,0,0,89.54,228.79,Joined,Others,Others
5501-TVMGM,Male,21,No,0,Canby,96015,41.486953,-120.913975,0,1,None,Yes,39.19,No,Yes,DSL,69,No,No,No,No,No,Yes,Yes,No,Month-to-Month,Yes,Bank Withdrawal,55.25,55.25,0,60,39.19,154.44,Joined,Others,Others
5522-JBWMO,Male,62,No,2,Blythe,92225,33.674583,-114.71612,0,1,None,Yes,15.66,No,Yes,DSL,29,No,No,No,No,No,No,No,Yes,Month-to-Month,No,Bank Withdrawal,44.0,44.0,0,0,15.66,59.66,Joined,Others,Others
5542-TBBWB,Male,46,No,0,Lakeport,95453,39.080469,-122.955176,0,1,None,Yes,9.36,No,Yes,Fiber Optic,14,No,No,No,No,No,No,No,No,Month-to-Month,Yes,Bank Withdrawal,69.9,69.9,0,10,9.36,89.26,Joined,Others,Others
5562-BETPV,Male,21,Yes,0,San Andreas,95249,38.196497,-120.61689,1,1,Offer E,Yes,23.41,No,No,No,0,No,No,No,No,No,No,No,No,One Year,No,Mailed Check,19.65,19.65,0,0,23.41,43.06,Joined,Others,Others
5562-YJQGT,Female,57,No,0,Encino,91316,34.150354,-118.518292,0,2,None,Yes,2.46,No,No,No,0,No,No,No,No,No,No,No,No,Month-to-Month,No,Credit Card,20.35,35.1,0,0,4.92,40.02,Joined,Others,Others
5600-KTXFM,Male,48,Yes,2,Ventura,93004,34.278697,-119.167798,6,2,Offer E,Yes,29.1,No,Yes,Fiber Optic,19,No,No,No,No,No,No,No,Yes,Month-to-Month,No,Credit Card,69.95,143.9,0,0,58.2,202.1,Joined,Others,Others
5630-AHZIL,Female,51,No,3,El Segundo,90245,33.917145,-118.401554,0,3,Offer E,Yes,39.55,No,Yes,DSL,56,Yes,No,No,Yes,No,Yes,Yes,No,Month-to-Month,Yes,Bank Withdrawal,64.5,177.4,0,60,118.65,356.05,Joined,Others,Others
5701-SVCWR,Female,45,No,1,Laguna Niguel,92677,33.529047,-117.701175,0,1,Offer E,Yes,32.95,Yes,No,No,0,No,No,No,No,No,No,No,No,Month-to-Month,No,Credit Card,24.0,24.0,0,0,32.95,56.95,Joined,Others,Others
5760-IFJOZ,Male,57,No,0,Richgrove,93261,35.809921,-119.127437,0,3,None,Yes,47.5,Yes,Yes,Fiber Optic,22,No,Yes,Yes,No,Yes,Yes,Yes,Yes,Month-to-Month,No,Mailed Check,107.95,313.6,0,0,142.5,456.1,Joined,Others,Others
5808-TOTXO,Female,37,No,2,Oakland,94605,37.758019,-122.138678,0,3,None,Yes,11.27,No,No,No,0,No,No,No,No,No,No,No,No,One Year,Yes,Credit Card,20.55,57.4,0,0,33.81,91.21,Joined,Others,Others
5857-XRECV,Female,44,No,3,Manteca,95336,37.830267,-121.201018,0,2,None,Yes,31.01,No,No,No,0,No,No,No,No,No,No,No,No,One Year,No,Bank Withdrawal,20.5,38.25,0,0,62.02,100.27,Joined,Others,Others
5858-EAFCZ,Male,45,No,0,Rialto,92377,34.156758,-117.404686,0,1,None,Yes,23.34,No,Yes,DSL,16,No,No,No,No,No,No,No,Yes,Month-to-Month,No,Credit Card,44.45,44.45,0,0,23.34,67.79,Joined,Others,Others
5868-YTYKS,Male,21,No,2,Davenport,95017,37.114335,-122.237162,0,1,Offer E,Yes,47.25,No,No,No,0,No,No,No,No,No,No,No,No,Month-to-Month,Yes,Credit Card,20.25,20.25,0,0,47.25,67.5,Joined,Others,Others
5906-BFOZT,Male,54,No,0,Loleta,95551,40.665952,-124.240051,0,1,None,Yes,8.02,No,No,No,0,No,No,No,No,No,No,No,No,Month-to-Month,Yes,Credit Card,19.5,19.5,0,0,8.02,27.52,Joined,Others,Others
5916-QEWPT,Female,61,Yes,0,Valley Village,91607,34.165783,-118.399795,1,2,Offer E,Yes,27.41,No,Yes,Cable,23,No,No,Yes,No,Yes,Yes,Yes,Yes,Month-to-Month,No,Credit Card,69.0,147.8,0,0,54.82,202.62,Joined,Others,Others
5919-VCZYM,Male,19,No,0,Santa Ana,92707,33.714829,-117.872941,0,2,None,Yes,40.28,No,No,No,0,No,No,No,No,No,No,No,No,Month-to-Month,No,Credit Card,20.05,42.7,0,0,80.56,123.26,Joined,Others,Others
5948-UJZLF,Male,22,No,0,Los Angeles,90049,34.091829,-118.491244,0,2,None,Yes,40.75,No,Yes,DSL,71,No,Yes,No,No,No,No,No,Yes,Month-to-Month,No,Credit Card,49.25,97.0,0,0,81.5,178.5,Joined,Others,Others
5960-MVTUK,Male,58,No,0,Grenada,96038,41.599978,-122.539381,0,3,Offer E,No,0,No,Yes,DSL,18,No,No,No,Yes,No,No,No,Yes,Month-to-Month,Yes,Bank Withdrawal,29.75,96.85,0,0,0,96.85,Joined,Others,Others
5968-VXZLG,Male,45,No,0,Calabasas,91302,34.130861,-118.68346,0,2,None,Yes,1.87,No,Yes,DSL,12,No,No,No,No,No,No,No,Yes,Month-to-Month,Yes,Bank Withdrawal,46.6,87.9,0,0,3.74,91.64,Joined,Others,Others
5996-DAOQL,Male,28,No,0,Penngrove,94951,38.325599,-122.642352,0,1,Offer E,Yes,42.17,No,No,No,0,No,No,No,No,No,No,No,No,Month-to-Month,Yes,Credit Card,20.45,20.45,0,0,42.17,62.62,Joined,Others,Others
5999-LCXAO,Female,42,No,0,Orange,92866,33.784597,-117.844535,0,1,None,No,0,No,Yes,DSL,24,Yes,No,No,No,No,No,No,Yes,Month-to-Month,No,Credit Card,29.9,29.9,0,0,0,29.9,Joined,Others,Others
6022-KOUQO,Female,51,Yes,2,Eagleville,96110,41.280341,-120.150381,4,2,Offer E,No,0,No,Yes,Cable,27,No,No,No,Yes,No,No,No,Yes,Month-to-Month,No,Bank Withdrawal,29.05,44.75,0,0,0,44.75,Joined,Others,Others
6048-QBXKL,Female,68,No,0,Madison,95653,38.674276,-121.961866,0,2,Offer E,Yes,31.74,Yes,Yes,DSL,25,No,Yes,No,No,No,No,No,Yes,Month-to-Month,Yes,Credit Card,56.55,118.25,0,0,63.48,181.73,Joined,Others,Others
6077-BDPXA,Female,56,No,0,Merced,95340,37.255637,-120.493537,0,3,None,Yes,5.63,No,Yes,Fiber Optic,15,No,No,No,No,No,No,No,Yes,Month-to-Month,Yes,Bank Withdrawal,70.15,194.2,0,0,16.89,211.09,Joined,Others,Others
6124-ACRHJ,Female,59,No,0,San Mateo,94403,37.538309,-122.305109,0,1,None,Yes,41.28,No,No,No,0,No,No,No,No,No,No,No,No,Month-to-Month,No,Credit Card,19.75,19.75,0,0,41.28,61.03,Joined,Others,Others
6127-IYJOZ,Male,71,No,0,Studio City,91604,34.139082,-118.39275,0,1,None,Yes,40.38,No,Yes,DSL,6,No,No,No,No,No,No,No,Yes,Month-to-Month,Yes,Credit Card,45.85,45.85,0,0,40.38,86.23,Joined,Others,Others
6145-NNPNO,Female,45,No,0,Santa Rosa,95404,38.526941,-122.709096,0,1,Offer E,Yes,9.82,No,Yes,Cable,13,No,No,No,No,No,No,No,Yes,Month-to-Month,No,Bank Withdrawal,44.15,44.15,0,0,9.82,53.97,Joined,Others,Others
6158-HDPXZ,Male,31,No,0,San Diego,92128,33.000269,-117.072093,0,1,None,No,0,No,Yes,DSL,13,No,No,No,No,No,No,No,Yes,Month-to-Month,No,Credit Card,25.35,25.35,0,0,0,25.35,Joined,Others,Others
6184-DYUOB,Female,28,Yes,0,Palermo,95968,39.435756,-121.552071,5,3,None,Yes,41.9,No,No,No,0,No,No,No,No,No,No,No,No,Month-to-Month,Yes,Credit Card,19.6,55.25,0,0,125.7,180.95,Joined,Others,Others
6185-TASNN,Male,71,No,0,Chula Vista,91913,32.64164,-116.985026,0,1,Offer E,Yes,11.51,No,Yes,DSL,21,No,No,No,No,No,No,No,Yes,Two Year,No,Bank Withdrawal,46.3,46.3,0,0,11.51,57.81,Joined,Others,Others
6260-ONULR,Male,55,No,0,Middletown,95461,38.787446,-122.58675,0,1,None,Yes,42.19,No,Yes,Cable,29,No,No,No,No,Yes,Yes,Yes,Yes,Month-to-Month,Yes,Credit Card,62.8,62.8,0,0,42.19,104.99,Joined,Others,Others
6286-SUUWT,Male,44,No,0,Arnold,95223,38.32153,-120.236358,0,1,Offer E,Yes,27.08,No,No,No,0,No,No,No,No,No,No,No,No,Month-to-Month,No,Credit Card,19.95,19.95,0,0,27.08,47.03,Joined,Others,Others
6351-SCJKT,Male,32,No,0,Santa Cruz,95062,36.974575,-121.991149,0,3,None,No,0,No,Yes,Cable,25,Yes,No,Yes,Yes,No,No,No,Yes,Month-to-Month,No,Credit Card,41.35,107.25,0,0,0,107.25,Joined,Others,Others
6357-JJPQT,Female,48,No,0,San Gabriel,91776,34.089927,-118.095645,0,3,None,Yes,26.86,No,Yes,Fiber Optic,5,No,No,No,No,Yes,No,No,No,Month-to-Month,Yes,Bank Withdrawal,80.5,232.35,0,0,80.58,312.93,Joined,Others,Others
6380-ARCEH,Male,19,No,0,Inglewood,90304,33.936827,-118.359824,0,1,Offer E,Yes,41.1,No,No,No,0,No,No,No,No,No,No,No,No,Month-to-Month,No,Credit Card,20.2,20.2,0,0,41.1,61.3,Joined,Others,Others
6394-HHHZM,Male,27,No,0,Little River,95456,39.245911,-123.77214,0,3,Offer E,Yes,38.41,No,No,No,0,No,No,No,No,No,No,No,No,Month-to-Month,No,Credit Card,20.7,57.5,0,0,115.23,172.73,Joined,Others,Others
6407-UTSLV,Female,76,No,0,Compton,90222,33.912246,-118.236773,0,2,None,Yes,32.98,No,Yes,Fiber Optic,14,No,Yes,No,No,Yes,No,No,Yes,Two Year,Yes,Bank Withdrawal,83.8,163.7,0,0,65.96,229.66,Joined,Others,Others
6469-MRVET,Male,32,Yes,0,Van Nuys,91401,34.178483,-118.431791,8,1,None,Yes,44.69,No,No,No,0,No,No,No,No,No,No,No,No,One Year,Yes,Bank Withdrawal,-3.0,20.2,0,0,44.69,64.89,Joined,Others,Others
6519-CFDBX,Female,31,No,0,Torrance,90505,33.807882,-118.347957,0,2,None,Yes,10.81,No,Yes,Cable,13,No,No,No,No,No,No,No,Yes,Month-to-Month,Yes,Bank Withdrawal,45.4,80.95,0,0,21.62,102.57,Joined,Others,Others
6542-LWGXJ,Male,46,Yes,0,Pixley,93256,35.957019,-119.330928,1,3,Offer E,No,0,No,Yes,DSL,12,No,No,No,No,No,No,No,Yes,Month-to-Month,No,Credit Card,25.0,78.25,0,0,0,78.25,Joined,Others,Others
6569-KTMDU,Female,28,No,0,Sacramento,95826,38.542532,-121.378826,0,1,None,Yes,5.02,No,No,No,0,No,No,No,No,No,No,No,No,Month-to-Month,No,Mailed Check,19.1,19.1,0,0,5.02,24.12,Joined,Others,Others
6579-JPICP,Male,31,No,0,Riverside,92505,33.920907,-117.489426,0,1,None,Yes,17.81,No,No,No,0,No,No,No,No,No,No,No,No,Month-to-Month,No,Mailed Check,20.4,20.4,0,0,17.81,38.21,Joined,Others,Others
6582-OIVSP,Female,25,No,0,Glendale,91203,34.153338,-118.262974,0,1,None,Yes,47.36,No,Yes,Cable,41,No,No,No,No,No,No,No,Yes,Month-to-Month,No,Credit Card,45.3,45.3,0,0,47.36,92.66,Joined,Others,Others
6629-LADHQ,Female,42,No,0,Santa Barbara,93109,34.406256,-119.726936,0,2,Offer E,Yes,36.96,No,Yes,DSL,24,Yes,No,No,No,No,No,No,Yes,Month-to-Month,No,Credit Card,50.95,123.05,0,0,73.92,196.97,Joined,Others,Others
6645-MXQJT,Male,40,Yes,1,Copperopolis,95228,37.943954,-120.67108,10,2,Offer E,Yes,39.35,No,Yes,Fiber Optic,24,Yes,No,No,No,Yes,Yes,Yes,Yes,Month-to-Month,No,Bank Withdrawal,97.1,184.15,0,0,78.7,262.85,Joined,Others,Others
6650-VJONK,Male,54,No,0,Carson,90746,33.859171,-118.252272,0,1,None,Yes,15.9,No,Yes,Cable,27,No,No,No,No,No,No,No,No,Month-to-Month,Yes,Bank Withdrawal,43.85,43.85,0,10,15.9,69.75,Joined,Others,Others
6654-QGBZZ,Female,21,No,0,Nevada City,95959,39.333737,-120.858667,0,1,None,Yes,1.5,No,No,No,0,No,No,No,No,No,No,No,No,Month-to-Month,No,Credit Card,19.9,19.9,0,0,1.5,21.4,Joined,Others,Others
6656-JWRQX,Female,60,No,0,San Diego,92124,32.827238,-117.089287,0,1,None,No,0,No,Yes,DSL,9,No,No,No,Yes,No,No,No,No,Month-to-Month,No,Credit Card,30.55,30.55,0,40,0,70.55,Joined,Others,Others
6728-WYQBC,Male,52,No,0,Escondido,92027,33.141265,-116.967221,0,1,Offer E,Yes,2.29,No,No,No,0,No,No,No,No,No,No,No,No,Month-to-Month,No,Bank Withdrawal,20.95,20.95,0,0,2.29,23.24,Joined,Others,Others
6734-CKRSM,Female,38,No,0,Stirling City,95978,39.904002,-121.527823,0,3,None,Yes,40.2,No,No,No,0,No,No,No,No,No,No,No,No,Month-to-Month,No,Mailed Check,20.0,63.6,0,0,120.6,184.2,Joined,Others,Others
6778-YSNIH,Female,63,No,0,Riverside,92501,33.994676,-117.372498,0,2,None,Yes,27.02,No,Yes,Cable,26,No,Yes,No,No,Yes,No,No,Yes,Month-to-Month,Yes,Bank Withdrawal,59.0,114.15,0,0,54.04,168.19,Joined,Others,Others
6817-WTYHE,Male,56,No,0,Happy Camp,96039,41.831901,-123.487478,0,2,None,Yes,5.08,No,Yes,DSL,17,No,No,No,No,No,No,No,Yes,Month-to-Month,No,Bank Withdrawal,44.9,111.05,0,0,10.16,121.21,Joined,Others,Others
6837-BJYDQ,Male,42,No,0,Wilmington,90744,33.782068,-118.262263,0,3,None,Yes,35.65,No,No,No,0,No,No,No,No,No,No,No,No,One Year,No,Credit Card,19.6,61.35,0,0,106.95,168.3,Joined,Others,Others
6844-DZKRF,Male,61,No,0,Irvine,92604,33.688546,-117.788091,0,2,None,Yes,6.34,No,Yes,Cable,28,No,No,No,Yes,No,No,No,No,Month-to-Month,Yes,Credit Card,50.2,109.25,0,10,12.68,131.93,Joined,Others,Others
6856-RAURS,Female,50,No,0,Rio Oso,95674,38.954144,-121.482536,0,2,None,Yes,41.08,Yes,Yes,Fiber Optic,25,No,No,No,No,No,No,No,Yes,Month-to-Month,Yes,Credit Card,74.9,136.05,0,0,82.16,218.21,Joined,Others,Others
6870-ECSHE,Female,23,No,0,Sun City,92586,33.707483,-117.200006,0,2,None,Yes,46,No,No,No,0,No,No,No,No,No,No,No,No,One Year,No,Credit Card,20.45,34.8,0,0,92,126.8,Joined,Others,Others
6888-SBYAI,Male,56,No,0,San Ramon,94583,37.766556,-121.976784,0,1,Offer E,Yes,38.05,No,Yes,Cable,14,Yes,No,No,No,No,No,No,Yes,Month-to-Month,Yes,Credit Card,50.7,50.7,0,0,38.05,88.75,Joined,Others,Others
6907-FLBER,Male,62,No,0,Burbank,91505,34.174215,-118.345928,0,1,Offer E,Yes,34.02,Yes,Yes,DSL,24,No,Yes,No,No,No,No,No,No,Month-to-Month,No,Bank Withdrawal,54.3,54.3,0,10,34.02,98.32,Joined,Others,Others
6917-IAYHD,Male,44,No,1,La Honda,94020,37.285677,-122.224165,0,1,Offer E,No,0,No,Yes,Cable,19,No,Yes,No,Yes,No,No,No,No,Month-to-Month,No,Credit Card,33.6,33.6,0,50,0,83.6,Joined,Others,Others
6923-JHPMP,Female,35,No,0,Templeton,93465,35.536115,-120.739231,0,2,None,Yes,35.41,No,Yes,Fiber Optic,25,Yes,No,Yes,No,No,No,No,Yes,Month-to-Month,Yes,Bank Withdrawal,80.45,137.1,0,0,70.82,207.92,Joined,Others,Others
6942-LBFDP,Female,30,No,0,Bakersfield,93308,35.559617,-118.925185,0,2,None,Yes,16.7,No,No,No,0,No,No,No,No,No,No,No,No,Month-to-Month,Yes,Mailed Check,20.55,33.6,0,0,33.4,67.0,Joined,Others,Others
7017-VFULY,Female,38,Yes,0,Chatsworth,91311,34.294142,-118.603883,9,2,None,Yes,32.86,No,No,No,0,No,No,No,No,No,No,No,No,Month-to-Month,No,Bank Withdrawal,20.1,43.15,0,0,65.72,108.87,Joined,Others,Others
7055-HNEOJ,Male,34,Yes,0,El Dorado Hills,95762,38.684437,-121.055634,2,3,Offer E,Yes,4.19,No,Yes,Cable,6,No,No,Yes,Yes,No,No,No,Yes,Month-to-Month,Yes,Mailed Check,55.8,154.55,0,0,12.57,167.12,Joined,Others,Others
7096-UCLNH,Male,30,No,0,Fontana,92335,34.087558,-117.464096,0,1,None,Yes,11.1,No,No,No,0,No,No,No,No,No,No,No,No,Month-to-Month,No,Credit Card,20.05,20.05,0,0,11.1,31.15,Joined,Others,Others
7159-FVYPK,Female,23,Yes,3,Beaumont,92223,33.946982,-116.977672,3,3,None,Yes,24.28,Yes,Yes,DSL,73,No,Yes,Yes,No,Yes,No,No,No,Month-to-Month,Yes,Bank Withdrawal,69.15,235.0,0,0,72.84,307.84,Joined,Others,Others
7243-LCGGZ,Female,28,No,0,Alhambra,91801,34.090925,-118.128164,0,1,None,Yes,10.21,No,No,No,0,No,No,No,No,No,No,No,No,Month-to-Month,No,Mailed Check,20.9,20.9,0,0,10.21,31.11,Joined,Others,Others
7245-NIIWQ,Female,53,No,0,Fellows,93224,35.215731,-119.57013,0,3,Offer E,Yes,34.76,No,Yes,Fiber Optic,21,No,No,No,No,No,No,No,Yes,Month-to-Month,Yes,Bank Withdrawal,69.85,199.85,0,0,104.28,304.13,Joined,Others,Others
7246-ZGQDF,Female,63,No,3,Victorville,92394,34.567058,-117.362329,0,1,None,Yes,33.21,No,Yes,DSL,75,Yes,No,No,Yes,No,No,No,Yes,Month-to-Month,No,Bank Withdrawal,54.5,54.5,0,0,33.21,87.71,Joined,Others,Others
7252-NTGSS,Female,43,No,0,Redondo Beach,90277,33.830453,-118.384565,0,1,None,Yes,42.34,No,Yes,DSL,10,No,No,No,No,No,No,No,Yes,Month-to-Month,No,Credit Card,45.15,45.15,0,0,42.34,87.49,Joined,Others,Others
7291-CDTMJ,Male,40,No,0,Laguna Beach,92651,33.570023,-117.773669,0,1,Offer E,Yes,13.85,No,No,No,0,No,No,No,No,No,No,No,No,Month-to-Month,Yes,Bank Withdrawal,19.65,19.65,0,0,13.85,33.5,Joined,Others,Others
7298-IZWLY,Female,43,No,0,Gardena,90249,33.90139,-118.315697,0,1,None,Yes,23.97,No,No,No,0,No,No,No,No,No,No,No,No,Month-to-Month,Yes,Credit Card,19.4,19.4,0,0,23.97,43.37,Joined,Others,Others
7302-ZHMHP,Female,35,No,0,Coronado,92118,32.68674,-117.186612,0,1,None,Yes,22.37,No,No,No,0,No,No,No,No,No,No,No,No,Month-to-Month,No,Credit Card,19.15,19.15,0,0,22.37,41.52,Joined,Others,Others
7310-EGVHZ,Male,35,No,0,Los Angeles,90036,34.070291,-118.349191,0,1,Offer E,Yes,24.48,No,No,No,0,No,No,No,No,No,No,No,No,Month-to-Month,No,Bank Withdrawal,20.2,20.2,0,0,24.48,44.68,Joined,Others,Others
7312-XSBAT,Male,47,No,0,Bakersfield,93305,35.391733,-118.984109,0,1,Offer E,Yes,41.79,No,Yes,DSL,14,Yes,No,No,No,No,No,No,Yes,Month-to-Month,No,Bank Withdrawal,49.75,49.75,0,0,41.79,91.54,Joined,Others,Others
7321-VGNKU,Female,45,Yes,0,Paskenta,96074,39.884395,-122.587513,1,2,Offer E,Yes,7.7,No,Yes,Fiber Optic,22,No,No,No,No,No,No,No,No,Month-to-Month,Yes,Bank Withdrawal,70.35,120.25,0,20,15.4,155.65,Joined,Others,Others
7343-EOBEU,Male,19,Yes,0,Laguna Niguel,92677,33.529047,-117.701175,9,3,Offer E,Yes,14.1,Yes,No,No,0,No,No,No,No,No,No,No,No,Month-to-Month,Yes,Credit Card,23.6,89.05,0,0,42.3,131.35,Joined,Others,Others
7365-BVCJH,Male,40,No,0,Trinity Center,96091,41.081847,-122.700545,0,1,Offer E,No,0,No,Yes,DSL,6,No,No,No,No,No,No,No,Yes,Month-to-Month,Yes,Bank Withdrawal,24.4,24.4,0,0,0,24.4,Joined,Others,Others
7379-FNIUJ,Male,49,No,0,Olympic Valley,96146,39.191797,-120.212401,0,2,Offer E,Yes,22.56,No,Yes,Fiber Optic,15,Yes,Yes,No,No,Yes,Yes,Yes,No,Month-to-Month,No,Bank Withdrawal,100.2,198.5,0,10,45.12,253.62,Joined,Others,Others
7389-KBFIT,Female,31,Yes,2,Big Pine,93513,37.245505,-118.062943,6,2,Offer E,No,0,No,Yes,DSL,20,No,Yes,No,No,No,No,No,Yes,Month-to-Month,Yes,Mailed Check,30.25,63.75,0,0,0,63.75,Joined,Others,Others
7394-LWLYN,Female,57,No,0,Oakland,94610,37.808731,-122.238708,0,2,None,Yes,33.75,No,Yes,Fiber Optic,10,No,No,No,No,No,No,No,Yes,Month-to-Month,Yes,Bank Withdrawal,70.15,123.8,0,0,67.5,191.3,Joined,Others,Others
7398-SKNQZ,Female,51,Yes,0,Downey,90241,33.940884,-118.128628,5,3,None,Yes,2.97,Yes,Yes,Fiber Optic,7,No,No,No,No,Yes,Yes,Yes,Yes,Month-to-Month,No,Bank Withdrawal,94.9,273.2,0,0,8.91,282.11,Joined,Others,Others
7404-JLKQG,Female,21,No,0,Glennville,93226,35.735694,-118.738483,0,3,None,Yes,48.3,No,Yes,Cable,42,No,No,Yes,No,Yes,No,No,Yes,Month-to-Month,No,Bank Withdrawal,57.55,161.45,0,0,144.9,306.35,Joined,Others,Others
7439-DKZTW,Male,49,No,0,Paicines,95043,36.525703,-120.952122,0,1,None,Yes,5.93,No,Yes,Fiber Optic,19,No,No,No,No,Yes,No,No,No,Month-to-Month,Yes,Bank Withdrawal,80.55,80.55,0,60,5.93,146.48,Joined,Others,Others
7442-YGZFK,Male,31,No,0,Campo,91906,32.673483,-116.472863,0,1,None,Yes,3.97,Yes,Yes,DSL,11,No,No,No,No,No,No,No,Yes,Month-to-Month,Yes,Credit Card,49.8,49.8,0,0,3.97,53.77,Joined,Others,Others
7465-ZZRVX,Male,63,No,0,Ceres,95307,37.553469,-120.952825,0,1,None,Yes,14.42,No,Yes,Fiber Optic,27,No,No,No,No,No,No,No,No,Month-to-Month,Yes,Bank Withdrawal,70.35,70.35,0,10,14.42,94.77,Joined,Others,Others
7501-VTYLJ,Female,21,No,1,Sacramento,95864,38.585826,-121.376263,0,2,None,Yes,18.61,No,Yes,DSL,27,No,Yes,No,No,No,No,No,Yes,Month-to-Month,No,Credit Card,51.55,106.2,0,0,37.22,143.42,Joined,Others,Others
7521-YXVZY,Male,38,No,3,Placerville,95667,38.733714,-120.795213,0,3,Offer E,Yes,5.15,No,No,No,0,No,No,No,No,No,No,No,No,Month-to-Month,No,Mailed Check,19.95,58.3,0,0,15.45,73.75,Joined,Others,Others
7526-IVLYU,Male,46,No,0,San Francisco,94108,37.791998,-122.408653,0,3,None,Yes,35.59,No,No,No,0,No,No,No,No,No,No,No,No,Month-to-Month,Yes,Credit Card,19.65,68.35,0,0,106.77,175.12,Joined,Others,Others
7537-RBWEA,Female,19,No,0,Petrolia,95558,40.274302,-124.210902,0,1,None,No,0,No,Yes,Cable,52,No,No,No,No,No,No,No,Yes,Month-to-Month,Yes,Credit Card,25.15,25.15,0,0,0,25.15,Joined,Others,Others
7577-SWIFR,Male,49,No,0,Glendale,91206,34.162515,-118.203869,0,1,None,Yes,16.64,No,Yes,Fiber Optic,2,No,No,No,No,Yes,Yes,Yes,Yes,Month-to-Month,Yes,Bank Withdrawal,89.25,89.25,0,0,16.64,105.89,Joined,Others,Others
7590-VHVEG,Female,36,Yes,0,Los Angeles,90001,33.973616,-118.24902,0,1,Offer E,No,0,No,Yes,DSL,10,No,Yes,No,No,No,No,No,Yes,Month-to-Month,Yes,Bank Withdrawal,29.85,29.85,0,0,0,29.85,Joined,Others,Others
7601-WFVZV,Male,35,No,0,Downieville,95936,39.578792,-120.780786,0,1,Offer E,Yes,17.94,No,No,No,0,No,No,No,No,No,No,No,No,Month-to-Month,No,Credit Card,19.55,19.55,0,0,17.94,37.49,Joined,Others,Others
7617-EYGLW,Male,62,No,0,Clearlake Oaks,95423,39.07116,-122.598542,0,1,Offer E,Yes,46.59,No,No,No,0,No,No,No,No,No,No,No,No,Month-to-Month,No,Bank Withdrawal,19.45,19.45,0,0,46.59,66.04,Joined,Others,Others
7636-XUHWW,Male,56,No,0,Firebaugh,93622,36.785618,-120.625382,0,2,Offer E,Yes,3.82,No,No,No,0,No,No,No,No,No,No,No,No,Month-to-Month,Yes,Credit Card,19.9,33.7,0,0,7.64,41.34,Joined,Others,Others
7698-YFGEZ,Male,55,No,0,Riverside,92509,34.004379,-117.447864,0,1,Offer E,Yes,25.99,No,No,No,0,No,No,No,No,No,No,No,No,Month-to-Month,No,Credit Card,20.0,20.0,0,0,25.99,45.99,Joined,Others,Others
7721-DVEKZ,Female,42,No,0,Thousand Oaks,91360,34.214054,-118.88109,0,1,Offer E,Yes,23.67,No,No,No,0,No,No,No,No,No,No,No,No,Month-to-Month,No,Credit Card,19.65,19.65,0,0,23.67,43.32,Joined,Others,Others
7729-JTEEC,Male,33,Yes,1,Olympic Valley,96146,39.191797,-120.212401,2,2,None,Yes,30.87,No,Yes,DSL,19,No,No,No,No,No,No,No,Yes,Month-to-Month,Yes,Bank Withdrawal,44.5,90.05,0,0,61.74,151.79,Joined,Others,Others
7754-IXRMC,Female,39,No,0,Atascadero,93422,35.453912,-120.69461,0,1,None,Yes,12.46,No,Yes,DSL,14,No,No,No,No,No,No,No,Yes,Month-to-Month,No,Credit Card,45.35,45.35,0,0,12.46,57.81,Joined,Others,Others
7764-BDPEE,Male,50,No,3,Hayward,94542,37.656695,-122.048361,0,3,None,Yes,19.58,No,No,No,0,No,No,No,No,No,No,No,No,Month-to-Month,No,Credit Card,20.85,60.65,0,0,58.74,119.39,Joined,Others,Others
7785-RDVIG,Female,53,Yes,2,Hemet,92543,33.739415,-116.968339,5,3,None,Yes,10.13,No,No,No,0,No,No,No,No,No,No,No,No,Month-to-Month,No,Credit Card,19.3,54.7,0,0,30.39,85.09,Joined,Others,Others
7794-JASDG,Male,37,No,0,Winchester,92596,33.657433,-117.04254,0,1,Offer E,Yes,45.77,No,Yes,DSL,20,Yes,No,No,No,No,No,No,Yes,Month-to-Month,Yes,Credit Card,50.75,50.75,0,0,45.77,96.52,Joined,Others,Others
7808-DVWEP,Male,51,Yes,0,Chico,95926,39.745712,-121.84333,3,3,None,Yes,31.06,No,No,No,0,No,No,No,No,No,No,No,No,Month-to-Month,No,Bank Withdrawal,20.0,49.65,0,0,93.18,142.83,Joined,Others,Others
7814-LEEVE,Female,60,Yes,0,Grass Valley,95949,39.099204,-121.137962,7,1,None,Yes,6.64,No,No,No,0,No,No,No,No,No,No,No,No,Month-to-Month,Yes,Bank Withdrawal,20.3,20.3,0,0,6.64,26.94,Joined,Others,Others
7823-JSOAG,Male,39,No,0,Sonoma,95476,38.25485,-122.461799,0,3,None,Yes,6.97,Yes,Yes,Fiber Optic,14,No,No,No,No,No,No,No,Yes,Month-to-Month,No,Bank Withdrawal,74.5,217.45,0,0,20.91,238.36,Joined,Others,Others
7853-WNZSY,Male,58,No,0,El Nido,95317,37.127386,-120.506422,0,1,Offer E,Yes,1.61,No,No,No,0,No,No,No,No,No,No,No,No,Month-to-Month,Yes,Credit Card,19.75,19.75,0,0,1.61,21.36,Joined,Others,Others
7878-RTCZG,Female,55,No,0,Inglewood,90302,33.975332,-118.355252,0,1,None,Yes,2.38,No,No,No,0,No,No,No,No,No,No,No,No,Month-to-Month,No,Credit Card,19.9,19.9,0,0,2.38,22.28,Joined,Others,Others
7926-IJOOU,Male,50,No,0,San Francisco,94116,37.74441,-122.486764,0,1,Offer E,Yes,16.36,No,No,No,0,No,No,No,No,No,No,No,No,Month-to-Month,No,Credit Card,19.3,19.3,0,0,16.36,35.66,Joined,Others,Others
7952-OBOYL,Male,24,No,0,Upland,91786,34.105493,-117.660934,0,3,None,Yes,25.1,No,Yes,Fiber Optic,59,No,No,Yes,Yes,Yes,No,Yes,Yes,Month-to-Month,Yes,Credit Card,89.85,244.45,0,0,75.3,319.75,Joined,Others,Others
8006-PYCSW,Female,60,No,0,Los Angeles,90040,33.994524,-118.149953,0,2,None,Yes,35.5,No,No,No,0,No,No,No,No,No,No,No,No,Month-to-Month,No,Credit Card,20.1,39.8,0,0,71,110.8,Joined,Others,Others
8040-MNRTF,Female,47,No,0,Taft,93268,35.184837,-119.402525,0,1,None,Yes,37.51,No,Yes,Fiber Optic,10,No,No,No,No,No,No,No,Yes,Month-to-Month,No,Mailed Check,71.1,71.1,0,0,37.51,108.61,Joined,Others,Others
8048-DSDFQ,Male,63,No,0,Midway City,92655,33.744439,-117.98588,0,1,None,Yes,13.08,No,No,No,0,No,No,No,No,No,No,No,No,Month-to-Month,No,Credit Card,20.2,20.2,0,0,13.08,33.28,Joined,Others,Others
8064-RAVOH,Male,44,No,3,Oxnard,93030,34.223244,-119.18012,0,1,Offer E,Yes,42.55,No,Yes,DSL,25,No,No,Yes,No,No,No,No,Yes,Month-to-Month,Yes,Bank Withdrawal,49.85,49.85,0,0,42.55,92.4,Joined,Others,Others
8150-QUDFX,Male,27,No,0,Rohnert Park,94928,38.34719,-122.697822,0,2,Offer E,Yes,27.47,No,No,No,0,No,No,No,No,No,No,No,No,Month-to-Month,No,Credit Card,19.85,51.6,0,0,54.94,106.54,Joined,Others,Others
8167-GJLRN,Male,19,No,0,La Crescenta,91214,34.239636,-118.245259,0,3,None,No,0,No,Yes,DSL,59,No,No,No,Yes,No,No,No,Yes,Month-to-Month,No,Bank Withdrawal,30.4,82.15,0,0,0,82.15,Joined,Others,Others
8180-AKMJV,Female,27,No,0,Litchfield,96117,40.507272,-120.338228,0,1,Offer E,Yes,23.04,No,Yes,Cable,82,No,No,No,No,No,No,No,Yes,Month-to-Month,Yes,Credit Card,44.55,44.55,0,0,23.04,67.59,Joined,Others,Others
8203-XJZRC,Male,44,No,0,Chula Vista,91914,32.688506,-116.938632,0,1,Offer E,Yes,40.46,No,No,No,0,No,No,No,No,No,No,No,No,Month-to-Month,No,Credit Card,20.25,20.25,0,0,40.46,60.71,Joined,Others,Others
8262-COGGB,Male,53,No,0,Visalia,93277,36.303793,-119.375646,0,1,None,Yes,11.61,No,No,No,0,No,No,No,No,No,No,No,No,Month-to-Month,Yes,Mailed Check,20.45,20.45,0,0,11.61,32.06,Joined,Others,Others
8267-KFGYD,Male,53,No,1,Alhambra,91803,34.074736,-118.145959,0,1,None,Yes,10.14,No,No,No,0,No,No,No,No,No,No,No,No,Month-to-Month,Yes,Mailed Check,21.05,21.05,0,0,10.14,31.19,Joined,Others,Others
8286-AFUYI,Male,33,No,0,Glendale,91203,34.153338,-118.262974,0,1,Offer E,Yes,46.23,No,Yes,DSL,25,Yes,No,No,No,No,No,No,Yes,Month-to-Month,No,Bank Withdrawal,47.95,47.95,0,0,46.23,94.18,Joined,Others,Others
8309-IEYJD,Female,73,No,0,Indian Wells,92210,33.537646,-116.291089,0,1,Offer E,Yes,32.61,No,Yes,Fiber Optic,27,No,No,No,No,No,No,No,No,Two Year,Yes,Credit Card,70.6,70.6,0,30,32.61,133.21,Joined,Others,Others
8356-WUAOJ,Female,25,Yes,0,Glendale,91205,34.13658,-118.245839,7,1,Offer E,Yes,40.63,No,Yes,DSL,52,No,No,No,No,No,No,No,No,Month-to-Month,Yes,Bank Withdrawal,45.0,45.0,0,10,40.63,95.63,Joined,Others,Others
8393-JMVMB,Male,34,No,0,Thousand Oaks,91360,34.214054,-118.88109,0,1,Offer E,Yes,29.15,No,No,No,0,No,No,No,No,No,No,No,No,Month-to-Month,No,Credit Card,19.45,19.45,0,0,29.15,48.6,Joined,Others,Others
8445-DNBAE,Male,24,No,3,Sacramento,95814,38.584505,-121.491956,0,1,Offer E,Yes,43.05,Yes,Yes,DSL,69,No,No,No,No,No,No,No,Yes,Month-to-Month,Yes,Bank Withdrawal,50.05,50.05,0,0,43.05,93.1,Joined,Others,Others
8543-MSDMF,Male,36,No,0,Coachella,92236,33.680031,-116.171678,0,3,Offer E,Yes,44.42,No,Yes,Cable,6,Yes,No,Yes,No,Yes,Yes,Yes,Yes,Month-to-Month,Yes,Bank Withdrawal,77.4,206.15,0,0,133.26,339.41,Joined,Others,Others
8559-WNQZS,Male,37,No,0,Atwater,95301,37.321233,-120.656354,0,1,Offer E,Yes,43.82,No,No,No,0,No,No,No,No,No,No,No,No,Two Year,No,Credit Card,20.45,20.45,0,0,43.82,64.27,Joined,Others,Others
8562-GHPPI,Female,50,No,0,San Leandro,94577,37.717196,-122.159338,0,1,None,Yes,11.96,No,No,No,0,No,No,No,No,No,No,No,No,Month-to-Month,No,Credit Card,19.8,19.8,0,0,11.96,31.76,Joined,Others,Others
8566-YPRGL,Female,57,No,0,Long Beach,90806,33.802664,-118.179971,0,1,Offer E,Yes,33.02,No,No,No,0,No,No,No,No,No,No,No,No,Month-to-Month,Yes,Credit Card,19.5,19.5,0,0,33.02,52.52,Joined,Others,Others
8605-ITULD,Female,21,No,0,Crescent Mills,95934,40.080342,-120.957805,0,1,None,Yes,5.1,No,No,No,0,No,No,No,No,No,No,No,No,Month-to-Month,No,Credit Card,19.55,19.55,0,0,5.1,24.65,Joined,Others,Others
8610-ZIKJJ,Female,57,Yes,2,Tujunga,91042,34.296574,-118.244839,2,2,None,Yes,35.42,No,No,No,0,No,No,No,No,No,No,No,No,One Year,No,Credit Card,20.3,31.9,0,0,70.84,102.74,Joined,Others,Others
8617-ENBDS,Male,29,No,0,Helendale,92342,34.757783,-117.33997,0,3,None,Yes,27.34,No,Yes,Fiber Optic,71,No,No,Yes,No,No,No,No,No,Month-to-Month,Yes,Credit Card,73.6,232.5,0,10,82.02,324.52,Joined,Others,Others
8620-RJPZN,Female,27,No,0,Los Altos,94022,37.349546,-122.134356,0,1,None,Yes,45.86,No,No,No,0,No,No,No,No,No,No,No,No,Month-to-Month,No,Bank Withdrawal,20.7,20.7,0,0,45.86,66.56,Joined,Others,Others
8654-DHAOW,Female,47,No,0,Burson,95225,38.183918,-120.898817,0,2,Offer E,Yes,21.3,Yes,Yes,DSL,7,No,Yes,No,No,No,No,No,No,Month-to-Month,No,Credit Card,54.15,101.65,0,10,42.6,154.25,Joined,Others,Others
8660-BUETV,Female,37,No,0,Riverside,92501,33.994676,-117.372498,0,3,None,Yes,34.89,No,Yes,Cable,13,No,No,No,No,No,No,No,No,Month-to-Month,No,Credit Card,44.75,148.05,0,10,104.67,262.72,Joined,Others,Others
8687-BAFGU,Male,34,No,0,Clovis,93612,36.814539,-119.711868,0,1,Offer E,Yes,23.7,No,Yes,Fiber Optic,25,No,No,No,Yes,No,No,No,Yes,Month-to-Month,No,Bank Withdrawal,74.0,74.0,0,0,23.7,97.7,Joined,Others,Others
8695-WDYEA,Male,32,No,0,Chico,95928,39.681488,-121.83721,0,1,None,Yes,39.3,No,Yes,DSL,26,Yes,No,No,No,No,No,No,Yes,Month-to-Month,No,Credit Card,51.25,51.25,0,0,39.3,90.55,Joined,Others,Others
8705-WZCYL,Male,40,No,0,Encinitas,92024,33.054579,-117.25665,0,1,Offer E,Yes,27.46,No,Yes,DSL,26,No,No,No,No,No,No,No,Yes,Month-to-Month,Yes,Bank Withdrawal,44.8,44.8,0,0,27.46,72.26,Joined,Others,Others
8710-YGLWG,Male,44,No,0,North Hills,91343,34.238802,-118.482296,0,1,Offer E,Yes,15.76,No,Yes,DSL,13,No,No,No,No,No,No,No,Yes,Month-to-Month,Yes,Credit Card,44.9,44.9,0,0,15.76,60.66,Joined,Others,Others
8713-IGZSO,Male,50,No,0,Salinas,93906,36.722898,-121.633648,0,2,Offer E,Yes,40.25,Yes,No,No,0,No,No,No,No,No,No,No,No,Month-to-Month,No,Credit Card,24.85,62.0,0,0,80.5,142.5,Joined,Others,Others
8720-RQSBJ,Male,69,No,0,Armona,93202,36.315979,-119.710852,0,1,Offer E,Yes,28.67,No,Yes,DSL,4,No,No,No,No,No,No,No,Yes,Two Year,No,Bank Withdrawal,44.0,44.0,0,0,28.67,72.67,Joined,Others,Others
8739-QOTTN,Female,35,Yes,0,Avalon,90704,33.391181,-118.421305,3,2,Offer E,Yes,5.42,No,No,No,0,No,No,No,No,No,No,No,No,Month-to-Month,No,Credit Card,20.35,41.85,0,0,10.84,52.69,Joined,Others,Others
8749-CLJXC,Male,56,No,0,Ahwahnee,93601,37.375816,-119.739935,0,1,None,Yes,13.51,No,No,No,0,No,No,No,No,No,No,No,No,Month-to-Month,No,Credit Card,20.05,20.05,0,0,13.51,33.56,Joined,Others,Others
8757-TFHHJ,Male,55,No,0,San Jose,95128,37.316146,-121.936285,0,1,None,Yes,38.21,No,Yes,Cable,13,Yes,No,No,No,No,No,No,Yes,Month-to-Month,Yes,Credit Card,49.8,49.8,0,0,38.21,88.01,Joined,Others,Others
8775-ERLNB,Male,76,Yes,0,Indio,92203,33.752938,-116.230055,7,1,None,Yes,17.84,Yes,Yes,Fiber Optic,20,No,No,No,No,No,No,No,Yes,Two Year,No,Bank Withdrawal,74.3,74.3,0,0,17.84,92.14,Joined,Others,Others
8805-JNRAZ,Female,44,No,0,Huntington Beach,92646,33.666301,-117.969501,0,2,Offer E,Yes,29.28,No,Yes,Cable,4,No,Yes,No,No,No,No,No,Yes,Month-to-Month,No,Credit Card,49.2,103.7,0,0,58.56,162.26,Joined,Others,Others
8885-QSQBX,Female,45,No,0,Forest Falls,92339,34.067699,-116.903891,0,1,None,Yes,10.83,No,Yes,DSL,15,Yes,No,No,No,No,No,No,Yes,Month-to-Month,No,Bank Withdrawal,49.55,49.55,0,0,10.83,60.38,Joined,Others,Others
8896-BQTTI,Male,41,No,0,Cool,95614,38.880622,-120.973865,0,1,Offer E,Yes,3.39,Yes,No,No,0,No,No,No,No,No,No,No,No,Month-to-Month,Yes,Credit Card,25.0,25.0,0,0,3.39,28.39,Joined,Others,Others
8903-XEBGX,Male,22,No,1,Lancaster,93534,34.727529,-118.153098,0,2,Offer E,Yes,43.93,No,Yes,DSL,59,No,No,No,No,No,Yes,Yes,Yes,Month-to-Month,Yes,Bank Withdrawal,55.3,108.65,0,0,87.86,196.51,Joined,Others,Others
8909-BOLNL,Male,40,No,0,San Francisco,94123,37.800254,-122.436975,0,3,None,Yes,12.05,No,No,No,0,No,No,No,No,No,No,No,No,One Year,No,Credit Card,21.2,52.05,0,0,36.15,88.2,Joined,Others,Others
8950-MTZNV,Male,61,No,0,Carson,90746,33.859171,-118.252272,0,1,Offer E,Yes,13.63,No,Yes,DSL,13,No,No,No,No,No,No,No,Yes,Month-to-Month,Yes,Mailed Check,44.95,44.95,0,0,13.63,58.58,Joined,Others,Others
8963-JLGJT,Male,20,No,1,Santa Barbara,93105,34.037342,-119.80079,0,3,Offer E,Yes,33.28,No,Yes,Cable,69,Yes,No,Yes,No,No,No,Yes,Yes,Month-to-Month,No,Credit Card,55.9,157.55,0,0,99.84,257.39,Joined,Others,Others
8974-OVACP,Female,40,No,0,Yermo,92398,35.013299,-116.834092,0,1,None,Yes,27.59,No,No,No,0,No,No,No,No,No,No,No,No,Month-to-Month,No,Mailed Check,20.15,20.15,0,0,27.59,47.74,Joined,Others,Others
8985-OOPOS,Female,54,No,0,Occidental,95465,38.415003,-122.998726,0,1,None,Yes,36.05,No,Yes,DSL,30,No,No,Yes,Yes,Yes,Yes,Yes,Yes,One Year,No,Credit Card,74.1,74.1,0,0,36.05,110.15,Joined,Others,Others
8992-CEUEN,Female,59,No,0,Arnold,95223,38.32153,-120.236358,0,1,None,Yes,7.8,No,No,No,0,No,No,No,No,No,No,No,No,Month-to-Month,No,Bank Withdrawal,18.85,18.85,0,0,7.8,26.65,Joined,Others,Others
9039-ZVJDC,Male,49,No,0,Pauma Valley,92061,33.313828,-116.940501,0,3,None,Yes,16.32,No,No,No,0,No,No,No,No,No,No,No,No,Month-to-Month,Yes,Credit Card,19.1,53.05,0,0,48.96,102.01,Joined,Others,Others
9050-IKDZA,Female,66,No,0,Clovis,93611,36.917652,-119.593757,0,2,None,Yes,24.95,No,Yes,Fiber Optic,22,No,No,No,No,Yes,No,No,Yes,Two Year,No,Credit Card,81.5,162.55,0,0,49.9,212.45,Joined,Others,Others
9101-NTIXF,Male,32,No,0,Lompoc,93436,34.601055,-120.382917,0,2,Offer E,Yes,15.16,No,No,No,0,No,No,No,No,No,No,No,No,Month-to-Month,No,Credit Card,19.4,50.6,0,0,30.32,80.92,Joined,Others,Others
9103-CXVOK,Male,31,Yes,2,Grover Beach,93433,35.120833,-120.61843,8,1,None,Yes,30.38,No,No,No,0,No,No,No,No,No,No,No,No,Month-to-Month,No,Bank Withdrawal,19.75,19.75,0,0,30.38,50.13,Joined,Others,Others
9108-EJFJP,Female,21,Yes,0,Jacumba,91934,32.649787,-116.2237,6,1,Offer E,Yes,16.06,No,Yes,DSL,59,Yes,Yes,No,No,No,No,Yes,Yes,Month-to-Month,Yes,Credit Card,53.55,53.55,0,0,16.06,69.61,Joined,Others,Others
9122-UMROB,Male,29,No,0,Los Angeles,90010,34.062125,-118.315709,0,1,None,Yes,10.84,No,No,No,0,No,No,No,No,No,No,No,No,Month-to-Month,No,Credit Card,20.3,20.3,0,0,10.84,31.14,Joined,Others,Others
9137-NOQKA,Male,80,No,0,South San Francisco,94080,37.654436,-122.426468,0,2,None,Yes,7.03,No,No,No,0,No,No,No,No,No,No,No,No,Two Year,No,Bank Withdrawal,19.2,37.2,0,0,14.06,51.26,Joined,Others,Others
9214-EKVXR,Female,51,No,0,San Francisco,94110,37.750021,-122.415201,0,1,None,Yes,26.15,No,Yes,DSL,26,No,No,No,No,No,No,No,Yes,Month-to-Month,Yes,Credit Card,44.0,44.0,0,0,26.15,70.15,Joined,Others,Others
9244-ZVAPM,Male,36,No,0,Garden Grove,92845,33.782955,-118.026456,0,1,None,Yes,37.44,No,Yes,DSL,9,No,No,No,No,No,No,No,Yes,Month-to-Month,No,Credit Card,45.6,45.6,0,0,37.44,83.04,Joined,Others,Others
9261-WDCAF,Male,64,No,0,Bonita,91902,32.67117,-117.00232,0,3,None,Yes,33.53,No,Yes,DSL,30,No,No,No,No,No,Yes,Yes,Yes,Month-to-Month,No,Mailed Check,-5.0,189.1,0,0,100.59,289.69,Joined,Others,Others
9277-JOOMO,Female,27,No,0,Garberville,95542,40.057784,-123.679461,0,3,None,Yes,26.33,Yes,No,No,0,No,No,No,No,No,No,No,No,Month-to-Month,No,Credit Card,24.6,86.35,0,0,78.99,165.34,Joined,Others,Others
9374-YOLBJ,Female,29,Yes,5,Upper Lake,95485,39.220368,-122.907693,9,1,Offer E,Yes,25.1,No,No,No,0,No,No,No,No,No,No,No,No,Month-to-Month,No,Bank Withdrawal,19.25,19.25,0,0,25.1,44.35,Joined,Others,Others
9398-MMQTO,Male,41,No,0,Borrego Springs,92004,33.200369,-116.192313,0,3,None,Yes,34.8,No,Yes,Fiber Optic,5,No,Yes,No,No,No,No,No,No,Month-to-Month,No,Credit Card,74.45,221.1,0,70,104.4,395.5,Joined,Others,Others
9426-SXNHE,Female,23,No,0,Orleans,95556,41.269521,-123.546958,0,2,None,Yes,4.92,No,No,No,0,No,No,No,No,No,No,No,No,Month-to-Month,No,Bank Withdrawal,18.75,53.15,0,0,9.84,62.99,Joined,Others,Others
9441-QHEVC,Male,61,No,0,San Diego,92139,32.677716,-117.047666,0,1,None,Yes,44.22,No,No,No,0,No,No,No,No,No,No,No,No,Month-to-Month,No,Credit Card,19.1,19.1,0,0,44.22,63.32,Joined,Others,Others
9505-SQFSW,Female,59,Yes,3,Tehachapi,93561,35.073777,-118.652112,6,3,Offer E,No,0,No,Yes,Cable,53,No,Yes,No,No,No,Yes,Yes,Yes,Month-to-Month,No,Credit Card,40.3,92.5,0,0,0,92.5,Joined,Others,Others
9537-VHDTA,Female,42,No,3,Corona,92879,33.893823,-117.531446,0,1,None,Yes,2.98,No,Yes,Cable,26,Yes,No,No,No,No,No,No,Yes,Month-to-Month,No,Credit Card,51.2,51.2,0,0,2.98,54.18,Joined,Others,Others
9572-WUKSB,Male,22,Yes,0,South Pasadena,91030,34.110444,-118.156957,5,3,None,No,0,No,Yes,DSL,41,No,No,No,Yes,No,No,No,Yes,Month-to-Month,Yes,Bank Withdrawal,29.9,92.25,0,0,0,92.25,Joined,Others,Others
9588-OZDMQ,Female,38,Yes,0,Tollhouse,93667,36.993666,-119.348267,8,2,Offer E,Yes,15.5,No,Yes,DSL,12,No,No,No,No,No,No,No,Yes,Month-to-Month,Yes,Bank Withdrawal,45.0,89.75,0,0,31,120.75,Joined,Others,Others
9603-OAIHC,Male,72,No,0,Palmdale,93551,34.613476,-118.256358,0,1,Offer E,Yes,2.97,No,Yes,Fiber Optic,5,No,No,No,No,No,No,No,Yes,Two Year,Yes,Bank Withdrawal,70.05,70.05,0,0,2.97,73.02,Joined,Others,Others
9605-WGJVW,Female,69,No,0,Stockton,95204,37.974498,-121.319568,0,1,None,Yes,22.34,No,Yes,Fiber Optic,12,No,No,No,No,No,No,No,Yes,Month-to-Month,Yes,Bank Withdrawal,70.2,70.2,0,0,22.34,92.54,Joined,Others,Others
9617-INGJY,Male,31,No,0,Manhattan Beach,90266,33.889632,-118.39737,0,1,None,Yes,36.12,No,Yes,Fiber Optic,14,No,No,No,No,No,No,No,Yes,Month-to-Month,Yes,Credit Card,70.6,70.6,0,0,36.12,106.72,Joined,Others,Others
9629-NHXFW,Female,58,Yes,2,Downey,90241,33.940884,-118.128628,6,1,None,Yes,48.79,No,No,No,0,No,No,No,No,No,No,No,No,Month-to-Month,Yes,Credit Card,19.4,19.4,0,0,48.79,68.19,Joined,Others,Others
9631-XEYKE,Male,28,No,0,Rialto,92377,34.156758,-117.404686,0,3,None,Yes,29.74,Yes,Yes,DSL,59,No,No,No,No,No,No,No,Yes,Month-to-Month,No,Bank Withdrawal,50.4,137.25,0,0,89.22,226.47,Joined,Others,Others
9633-XQABV,Female,33,No,0,Los Banos,93635,36.995162,-120.955099,0,3,Offer E,Yes,25.4,No,Yes,Fiber Optic,10,No,No,No,No,No,No,No,Yes,Month-to-Month,Yes,Bank Withdrawal,70.25,229.7,0,0,76.2,305.9,Joined,Others,Others
9638-JIQYA,Male,22,No,0,Ballico,95303,37.4695,-120.672724,0,2,None,No,0,No,Yes,DSL,48,No,No,No,No,No,No,No,No,Month-to-Month,Yes,Credit Card,24.9,49.7,0,10,0,59.7,Joined,Others,Others
9643-AVVWI,Female,49,Yes,3,Los Angeles,90003,33.964131,-118.272783,2,3,None,Yes,19.18,No,Yes,Fiber Optic,22,No,Yes,No,Yes,No,No,No,Yes,Month-to-Month,Yes,Bank Withdrawal,80.0,241.3,0,0,57.54,298.84,Joined,Others,Others
9667-TKTVZ,Female,38,No,0,Los Osos,93402,35.279984,-120.824288,0,2,None,Yes,25.81,Yes,Yes,Cable,7,No,No,No,Yes,No,No,No,Yes,Month-to-Month,Yes,Credit Card,54.35,117.05,0,0,51.62,168.67,Joined,Others,Others
9700-ZCLOT,Male,46,No,0,Claremont,91711,34.127621,-117.717863,0,2,Offer E,Yes,17.03,No,No,No,0,No,No,No,No,No,No,No,No,Month-to-Month,No,Credit Card,20.0,32.7,0,0,34.06,66.76,Joined,Others,Others
9708-KFDBY,Male,29,No,0,Oceanside,92054,33.351059,-117.420557,0,1,Offer E,Yes,7.32,No,No,No,0,No,No,No,No,No,No,No,No,Month-to-Month,No,Credit Card,20.55,20.55,0,0,7.32,27.87,Joined,Others,Others
9717-QEBGU,Male,51,No,0,Leggett,95585,39.873371,-123.741474,0,2,Offer E,Yes,1.57,No,Yes,Fiber Optic,26,No,No,No,No,No,No,No,Yes,Month-to-Month,Yes,Bank Withdrawal,70.3,144.0,0,0,3.14,147.14,Joined,Others,Others
9743-DQKQW,Male,28,No,0,Escalon,95320,37.818543,-121.006907,0,3,Offer E,No,0,No,Yes,DSL,69,No,No,No,No,No,No,No,Yes,Month-to-Month,No,Bank Withdrawal,25.1,79.8,0,0,0,79.8,Joined,Others,Others
9752-ZNQUT,Female,51,No,0,Visalia,93291,36.391777,-119.372842,0,1,Offer E,Yes,7.99,No,Yes,Cable,11,No,Yes,No,No,No,No,No,Yes,Month-to-Month,Yes,Bank Withdrawal,48.6,48.6,0,0,7.99,56.59,Joined,Others,Others
9753-OYLBX,Female,54,No,0,San Diego,92122,32.85723,-117.209774,0,1,None,Yes,8.56,No,No,No,0,No,No,No,No,No,No,No,No,Month-to-Month,No,Credit Card,20.5,20.5,0,0,8.56,29.06,Joined,Others,Others
9770-LXDBK,Female,42,No,0,Los Angeles,90006,34.048013,-118.293953,0,3,Offer E,Yes,14.79,No,No,No,0,No,No,No,No,No,No,No,No,Month-to-Month,No,Credit Card,20.4,63.15,0,0,44.37,107.52,Joined,Others,Others
9799-CAYJJ,Female,79,Yes,0,West Hills,91307,34.199787,-118.68493,1,2,Offer E,Yes,32.62,No,Yes,Fiber Optic,2,No,No,No,No,No,No,No,Yes,Two Year,Yes,Bank Withdrawal,69.3,153.8,0,0,65.24,219.04,Joined,Others,Others
9818-XQCUV,Female,52,No,0,Dunsmuir,96025,41.212695,-122.392067,0,2,None,Yes,25.92,No,No,No,0,No,No,No,No,No,No,No,No,Month-to-Month,No,Credit Card,20.35,45.3,0,0,51.84,97.14,Joined,Others,Others
9822-OAOVB,Female,63,No,0,Santa Maria,93455,34.818227,-120.418784,0,1,Offer E,Yes,6.43,No,Yes,DSL,27,No,No,No,No,No,Yes,Yes,No,Month-to-Month,Yes,Bank Withdrawal,55.45,55.45,0,10,6.43,71.88,Joined,Others,Others
9840-EFJQB,Female,43,No,0,Sylmar,91342,34.321621,-118.399841,0,1,None,Yes,24.41,No,Yes,Fiber Optic,4,No,Yes,No,No,No,No,No,Yes,Month-to-Month,No,Bank Withdrawal,74.35,74.35,0,0,24.41,98.76,Joined,Others,Others
9895-VFOXH,Female,19,No,0,Scotia,95565,40.440636,-124.098739,0,1,None,No,0,No,Yes,DSL,76,No,No,No,No,No,No,Yes,No,Month-to-Month,No,Credit Card,24.4,24.4,0,10,0,34.4,Joined,Others,Others
9962-BFPDU,Female,61,Yes,3,Kenwood,95452,38.419525,-122.521585,3,1,None,Yes,16.02,No,No,No,0,No,No,No,No,No,No,No,No,Month-to-Month,No,Credit Card,20.05,20.05,0,0,16.02,36.07,Joined,Others,Others
9975-SKRNR,Male,24,No,0,Sierraville,96126,39.559709,-120.345639,0,1,Offer E,Yes,49.51,No,No,No,0,No,No,No,No,No,No,No,No,Month-to-Month,No,Credit Card,18.9,18.9,0,0,49.51,68.41,Joined,Others,Others
9992-UJOEL,Male,22,No,0,Elk,95432,39.108252,-123.645121,0,2,Offer E,Yes,18.62,No,Yes,DSL,51,No,Yes,No,No,No,No,No,Yes,Month-to-Month,Yes,Credit Card,50.3,92.75,0,0,37.24,129.99,Joined,Others,Others
